Workbook

Sheet Guadalupe V
S26: BRAULIO NOEL GONZALEZ
S27: SECCION 1
C30: Guadalupe Victoria
C31: Hora | E31: Motocicleta | F31: Ap | G31: Ac | H31: B2 | I31: B3 | J31: C2 | K31: C3 | L31: T2-S1 | M31: T3-S2 | N31: T3-S3 | O31: T2-S1-R2 | P31: SUMA | Q31: TOTAL HORA | R31: PEATONES
B32: NBS | C32: 0.5 | D32: 0.51041667 | E32: 6 | F32: 35 | G32: 19 | H32: 5 | I32: 0 | J32: 0 | K32: 0 | L32: 0 | M32: 0 | N32: 0 | O32: 0 | P32: =SUM(E32:O32) -> 65 | Q32: =SUM(P32:P35) -> 245 | R32: 4 | S32: =+Q32/$T$32 -> 0.75153374 | T32: =+Q32+Q36 -> 326 | U32: =+T32/Q60 -> 0.27533784
C33: 0.51041667 | D33: 0.52083333 | E33: 7 | F33: 42 | G33: 14 | H33: 3 | I33: 0 | J33: 0 | K33: 0 | L33: 0 | M33: 0 | N33: 0 | O33: 0 | P33: =SUM(E33:O33) -> 66 | R33: 2
C34: 0.52083333 | D34: 0.53125 | E34: 7 | F34: 33 | G34: 18 | H34: 7 | I34: 0 | J34: 0 | K34: 0 | L34: 0 | M34: 0 | N34: 0 | O34: 0 | P34: =SUM(E34:O34) -> 65 | R34: 4
C35: 0.53125 | D35: 0.54166667 | E35: 4 | F35: 30 | G35: 11 | H35: 4 | I35: 0 | J35: 0 | K35: 0 | L35: 0 | M35: 0 | N35: 0 | O35: 0 | P35: =SUM(E35:O35) -> 49 | R35: 5
B36: NBL | C36: 0.5 | D36: 0.51041667 | E36: 1 | F36: 17 | G36: 3 | H36: 0 | I36: 0 | J36: 0 | K36: 0 | L36: 0 | M36: 0 | N36: 0 | O36: 0 | P36: =SUM(E36:O36) -> 21 | Q36: =SUM(P36:P39) -> 81 | R36: 20 | S36: =+Q36/$T$32 -> 0.24846626
C37: 0.51041667 | D37: 0.52083333 | E37: 4 | F37: 18 | G37: 4 | H37: 2 | I37: 0 | J37: 0 | K37: 0 | L37: 0 | M37: 0 | N37: 0 | O37: 0 | P37: =SUM(E37:O37) -> 28 | R37: 3
C38: 0.52083333 | D38: 0.53125 | E38: 0 | F38: 19 | G38: 1 | H38: 0 | I38: 0 | J38: 0 | K38: 0 | L38: 0 | M38: 0 | N38: 0 | O38: 0 | P38: =SUM(E38:O38) -> 20 | R38: 15
C39: 0.53125 | D39: 0.54166667 | E39: 4 | F39: 7 | G39: 1 | H39: 0 | I39: 0 | J39: 0 | K39: 0 | L39: 0 | M39: 0 | N39: 0 | O39: 0 | P39: =SUM(E39:O39) -> 12 | R39: 9
B40: EBS | C40: 0.5 | D40: 0.51041667 | E40: 10 | F40: 20 | G40: 6 | H40: 0 | I40: 0 | J40: 0 | K40: 0 | L40: 0 | M40: 0 | N40: 0 | O40: 0 | P40: =SUM(E40:O40) -> 36 | Q40: =SUM(P40:P43) -> 131 | R40: 10 | S40: =+Q40/$T$40 -> 0.65829146 | T40: =+Q40+Q44+Q48 -> 199 | U40: =+T40/Q60 -> 0.16807432
C41: 0.51041667 | D41: 0.52083333 | E41: 8 | F41: 13 | G41: 4 | H41: 0 | I41: 0 | J41: 0 | K41: 0 | L41: 0 | M41: 0 | N41: 0 | O41: 0 | P41: =SUM(E41:O41) -> 25 | R41: 6
C42: 0.52083333 | D42: 0.53125 | E42: 9 | F42: 32 | G42: 5 | H42: 0 | I42: 0 | J42: 0 | K42: 0 | L42: 0 | M42: 0 | N42: 0 | O42: 0 | P42: =SUM(E42:O42) -> 46 | R42: 17
C43: 0.53125 | D43: 0.54166667 | E43: 5 | F43: 18 | G43: 1 | H43: 0 | I43: 0 | J43: 0 | K43: 0 | L43: 0 | M43: 0 | N43: 0 | O43: 0 | P43: =SUM(E43:O43) -> 24 | R43: 9
B44: EBL | C44: 0.5 | D44: 0.51041667 | E44: 0 | F44: 4 | G44: 0 | H44: 0 | I44: 0 | J44: 0 | K44: 0 | L44: 0 | M44: 0 | N44: 0 | O44: 0 | P44: =SUM(E44:O44) -> 4 | Q44: =SUM(P44:P47) -> 28 | R44: 16 | S44: =+Q44/$T$40 -> 0.14070352
C45: 0.51041667 | D45: 0.52083333 | E45: 2 | F45: 5 | G45: 1 | H45: 1 | I45: 0 | J45: 0 | K45: 0 | L45: 0 | M45: 0 | N45: 0 | O45: 0 | P45: =SUM(E45:O45) -> 9 | R45: 8
C46: 0.52083333 | D46: 0.53125 | E46: 1 | F46: 8 | G46: 2 | H46: 0 | I46: 0 | J46: 0 | K46: 0 | L46: 0 | M46: 0 | N46: 0 | O46: 0 | P46: =SUM(E46:O46) -> 11 | R46: 2
C47: 0.53125 | D47: 0.54166667 | E47: 0 | F47: 4 | G47: 0 | H47: 0 | I47: 0 | J47: 0 | K47: 0 | L47: 0 | M47: 0 | N47: 0 | O47: 0 | P47: =SUM(E47:O47) -> 4 | R47: 0
B48: EBR | C48: 0.5 | D48: 0.51041667 | E48: 1 | F48: 5 | G48: 1 | H48: 0 | I48: 0 | J48: 0 | K48: 0 | L48: 0 | M48: 0 | N48: 0 | O48: 0 | P48: =SUM(E48:O48) -> 7 | Q48: =SUM(P48:P51) -> 40 | R48: 11 | S48: =+Q48/$T$40 -> 0.20100503
C49: 0.51041667 | D49: 0.52083333 | E49: 4 | F49: 4 | G49: 0 | H49: 0 | I49: 0 | J49: 0 | K49: 0 | L49: 0 | M49: 0 | N49: 0 | O49: 0 | P49: =SUM(E49:O49) -> 8 | R49: 3
C50: 0.52083333 | D50: 0.53125 | E50: 9 | F50: 10 | G50: 0 | H50: 0 | I50: 0 | J50: 0 | K50: 0 | L50: 0 | M50: 0 | N50: 0 | O50: 0 | P50: =SUM(E50:O50) -> 19 | R50: 1
C51: 0.53125 | D51: 0.54166667 | E51: 3 | F51: 3 | G51: 0 | H51: 0 | I51: 0 | J51: 0 | K51: 0 | L51: 0 | M51: 0 | N51: 0 | O51: 0 | P51: =SUM(E51:O51) -> 6 | R51: 8
B52: WBS | C52: 0.5 | D52: 0.51041667 | E52: 6 | F52: 45 | G52: 9 | H52: 2 | I52: 0 | J52: 1 | K52: 1 | L52: 0 | M52: 0 | N52: 0 | O52: 0 | P52: =SUM(E52:O52) -> 64 | Q52: =SUM(P52:P55) -> 241 | R52: 29 | S52: =+Q52/$T$52 -> 0.36570561 | T52: =+Q52+Q56 -> 659 | U52: =+T52/Q60 -> 0.55658784
C53: 0.51041667 | D53: 0.52083333 | E53: 6 | F53: 40 | G53: 7 | H53: 1 | I53: 0 | J53: 1 | K53: 0 | L53: 0 | M53: 0 | N53: 0 | O53: 0 | P53: =SUM(E53:O53) -> 55 | R53: 12
C54: 0.52083333 | D54: 0.53125 | E54: 10 | F54: 39 | G54: 7 | H54: 1 | I54: 0 | J54: 1 | K54: 0 | L54: 0 | M54: 0 | N54: 0 | O54: 0 | P54: =SUM(E54:O54) -> 58 | R54: 25
C55: 0.53125 | D55: 0.54166667 | E55: 12 | F55: 42 | G55: 8 | H55: 1 | I55: 0 | J55: 1 | K55: 0 | L55: 0 | M55: 0 | N55: 0 | O55: 0 | P55: =SUM(E55:O55) -> 64 | R55: 15
B56: WBL | C56: 0.5 | D56: 0.51041667 | E56: 19 | F56: 64 | G56: 33 | H56: 5 | I56: 0 | J56: 0 | K56: 0 | L56: 0 | M56: 0 | N56: 0 | O56: 0 | P56: =SUM(E56:O56) -> 121 | Q56: =SUM(P56:P59) -> 418 | R56: 0 | S56: =+Q56/$T$52 -> 0.63429439
C57: 0.51041667 | D57: 0.52083333 | E57: 14 | F57: 54 | G57: 34 | H57: 5 | I57: 0 | J57: 1 | K57: 0 | L57: 0 | M57: 0 | N57: 0 | O57: 0 | P57: =SUM(E57:O57) -> 108 | R57: 0
C58: 0.52083333 | D58: 0.53125 | E58: 18 | F58: 55 | G58: 36 | H58: 5 | I58: 0 | J58: 0 | K58: 0 | L58: 0 | M58: 0 | N58: 0 | O58: 0 | P58: =SUM(E58:O58) -> 114 | R58: 2
C59: 0.53125 | D59: 0.54166667 | E59: 20 | F59: 38 | G59: 13 | H59: 3 | I59: 0 | J59: 1 | K59: 0 | L59: 0 | M59: 0 | N59: 0 | O59: 0 | P59: =SUM(E59:O59) -> 75 | R59: 1
C60: Suma | E60: =SUM(E32:E59) -> 190 | F60: =SUM(F32:F59) -> 704 | G60: =SUM(G32:G59) -> 238 | H60: =SUM(H32:H59) -> 45 | I60: =SUM(I32:I59) -> 0 | J60: =SUM(J32:J59) -> 6 | K60: =SUM(K32:K59) -> 1 | L60: =SUM(L32:L59) -> 0 | ... O60: =SUM(O32:O59) -> 0 | P60: =SUM(E60:O60) -> 1184 | Q60: =SUM(Q32:Q59) -> 1184 | R60: =SUM(R32:R59) -> 237
C61: Porcentaje | E61: =E60/$Q$60 -> 0.16047297 | F61: =F60/$Q$60 -> 0.59459459 | G61: =G60/$Q$60 -> 0.20101351 | H61: =H60/$Q$60 -> 0.038006757 | I61: =I60/$Q$60 -> 0 | J61: =J60/$Q$60 -> 0.0050675676 | K61: =K60/$Q$60 -> 0.00084459459 | L61: =L60/$Q$60 -> 0 | ... O61: =O60/$Q$60 -> 0 | P61: =SUM(E61:O61) -> 1 | Q61: =Q60/$Q$60 -> 1
N62: Tránsito por hora | Q62: =AVERAGE(Q32:Q43) -> 152.33333
N63: Tránsito por dia | Q63: =Q62*12 -> 1828

Sheet HOJA 2
A2: BRAULIO NOEL GONZALEZ
A3: SECCION 1
N5: VHMD= 1184 | Q5: TASA DE FLUJO MAXIMA = | S5: ='Guadalupe V'!Q60/J7 -> 0.051740337
C6: FHMD= | D6: ='Guadalupe V'!Q32/4 -> 61.25 | E6: =D6*66 -> 4042.5 | G6: FHMD= 4042.5
D7: ='Guadalupe V'!Q36/4 -> 20.25 | E7: =D7*28 -> 567 | G7: FHMD= 567 | I7: FHMD= | J7: =E6+E7+E8+E9+E10+E11+E12 -> 22883.5 | Q7: VHDMD/FHMD = 0.0517403
D8: ='Guadalupe V'!Q40/4 -> 32.75 | E8: =D8*46 -> 1506.5 | G8: FHMD=1506.5
D9: ='Guadalupe V'!Q44/4 -> 7 | E9: =D9*'Guadalupe V'!P46 -> 77 | G9: FHMD=77
D10: ='Guadalupe V'!Q48/4 -> 10 | E10: =D10*'Guadalupe V'!P50 -> 190 | G10: FHMD=190
D11: ='Guadalupe V'!Q52/4 -> 60.25 | E11: =D11*'Guadalupe V'!P55 -> 3856 | G11: FHMD=3856
D12: ='Guadalupe V'!Q56/4 -> 104.5 | E12: =D12*'Guadalupe V'!P56 -> 12644.5 | G12: FHMD= 12644.5
