Workbook

Sheet DATOS GENERAL
B2: ESCENARIO ORIGINAL | J2: ESCENARIO BRT | R2: ESCENARIO BRT CON TRANSPORTE | AC2: ESCENARIO BRT CON TRANSPORTE, MIGRACION AL 6% | AN2: ESCENARIO BRT CON TRANSPORTE, MIGRACION AL 12% | AY2: ESCENARIO BRT CON TRANSPORTE, MIGRACION AL 18% | BJ2: ESCENARIO BRT CON TRANSPORTE, MIGRACION AL 24%
B6: Detectores IDA | J6: Detectores IDA | R6: Detectores IDA | AC6: Detectores IDA | AN6: Detectores IDA | AY6: Detectores IDA | BJ6: Detectores IDA
C9: Intersecciones | D9: TIEMPO ESPERA | E9: LONG COLA | F9: VELOCIDAD | G9: TIEMPO VIAJE | K9: Intersecciones | L9: TIEMPO ESPERA | M9: LONG COLA | N9: VELOCIDAD | O9: TIEMPO VIAJE | S9: Intersecciones | T9: TIEMPO ESPERA | U9: LONG COLA | V9: VELOCIDAD | W9: TIEMPO VIAJE | AD9: Intersecciones | AE9: TIEMPO ESPERA | AF9: LONG COLA | AG9: VELOCIDAD | AH9: TIEMPO VIAJE | AO9: Intersecciones | AP9: TIEMPO ESPERA | AQ9: LONG COLA | AR9: VELOCIDAD | AS9: TIEMPO VIAJE | AZ9: Intersecciones | BA9: TIEMPO ESPERA | BB9: LONG COLA | BC9: VELOCIDAD | BD9: TIEMPO VIAJE | BK9: Intersecciones | BL9: TIEMPO ESPERA | BM9: LONG COLA | BN9: VELOCIDAD | BO9: TIEMPO VIAJE
C10: Salida Quiroga | D10: ='IDA ORIGINAL'!B51 -> 16.374792 | E10: ='IDA ORIGINAL'!C51 -> 65.101458 | F10: ='IDA ORIGINAL'!D51 -> 6.2702083 | K10: Salida Quiroga | L10: ='IDA BRT'!B51 -> 13.875972 | M10: ='IDA BRT'!C51 -> 50.439375 | N10: ='IDA BRT'!D51 -> 7.4043056 | S10: Salida Quiroga | T10: ='IDA BRT TRANS'!B51 -> 13.903889 | U10: ='IDA BRT TRANS'!C51 -> 50.128542 | V10: ='IDA BRT TRANS'!D51 -> 7.3726389 | Y10: =T10-(T10*0.03) -> 13.486772 | Z10: =U10-(U10*0.03) -> 48.624685 | AA10: =V10+(V10*0.03) -> 7.5938181 | AD10: Salida Quiroga | AE10: 12.952639 | AF10: 46.873542 | AG10: 7.7154167 | AJ10: =T10-(T10*0.08) -> 12.791578 | AK10: =U10-(U10*0.08) -> 46.118258 | AL10: =V10+(V10*0.08) -> 7.96245 | AO10: Salida Quiroga | AP10: 13.622222 | AQ10: 46.207083 | AR10: 7.4375 | AU10: =T10-(T10*0.14) -> 11.957344 | AV10: =U10-(U10*0.14) -> 43.110546 | AW10: =V10+(V10*0.14) -> 8.4048083 | AZ10: Salida Quiroga | BA10: 12.843403 | BB10: 42.291528 | BC10: 7.8347222 | BF10: =T10-(T10*0.2) -> 11.123111 | BG10: =U10-(U10*0.2) -> 40.102833 | BH10: =V10+(V10*0.2) -> 8.8471667 | BK10: Salida Quiroga | BL10: 12.265625 | BM10: 39.353819 | BN10: 8.1029861 | BO10: 2294.06
B11: PRINCIPAL | C11: San Juanito | D11: ='IDA ORIGINAL'!B85 -> 26.159583 | E11: ='IDA ORIGINAL'!C86 -> 104.12687 | F11: ='IDA ORIGINAL'!D86 -> 6.3894792 | J11: PRINCIPAL | K11: San Juanito | L11: ='IDA BRT'!H82 -> 26.575417 | M11: ='IDA BRT'!C83 -> 96.517812 | N11: ='IDA BRT'!D83 -> 6.4526042 | R11: PRINCIPAL | S11: San Juanito | T11: ='IDA BRT TRANS'!B83 -> 26.705 | U11: ='IDA BRT TRANS'!C83 -> 97.065104 | V11: ='IDA BRT TRANS'!D83 -> 6.5675 | Y11: =T11-(T11*0.03) -> 25.90385 | Z11: =U11-(U11*0.03) -> 94.153151 | AA11: =V11+(V11*0.03) -> 6.764525 | AC11: PRINCIPAL | AD11: San Juanito | AE11: 26.486979 | AF11: 90.347812 | AG11: 6.5071875 | AJ11: =T11-(T11*0.08) -> 24.5686 | AK11: =U11-(U11*0.08) -> 89.299896 | AL11: =V11+(V11*0.08) -> 7.0929 | AN11: PRINCIPAL | AO11: San Juanito | AP11: 24.496042 | AQ11: 82.527396 | AR11: 6.7210417 | AU11: =T11-(T11*0.14) -> 22.9663 | AV11: =U11-(U11*0.14) -> 83.47599 | AW11: =V11+(V11*0.14) -> 7.48695 | AY11: PRINCIPAL | AZ11: San Juanito | BA11: 23.968333 | BB11: 75.654062 | BC11: 6.7414583 | BF11: =T11-(T11*0.2) -> 21.364 | BG11: =U11-(U11*0.2) -> 77.652083 | BH11: =V11+(V11*0.2) -> 7.881 | BJ11: PRINCIPAL | BK11: San Juanito | BL11: 23.73625 | BM11: 69.374271 | BN11: 6.835
B12: LATERAL | D12: ='IDA ORIGINAL'!B114 -> 24.1375 | E12: ='IDA ORIGINAL'!C114 -> 88.775104 | F12: ='IDA ORIGINAL'!D114 -> 6.3969792 | J12: LATERAL | L12: ='IDA BRT'!B111 -> 21.234167 | M12: ='IDA BRT'!C111 -> 67.794792 | N12: ='IDA BRT'!D111 -> 6.818125 | R12: LATERAL | T12: ='IDA BRT TRANS'!B111 -> 21.031875 | U12: ='IDA BRT TRANS'!C111 -> 67.517813 | V12: ='IDA BRT TRANS'!D111 -> 6.8123958 | Y12: =T12-(T12*0.03) -> 20.400919 | Z12: =U12-(U12*0.03) -> 65.492278 | AA12: =V12+(V12*0.03) -> 7.0167677 | AC12: LATERAL | AE12: 20.920833 | AF12: 68.210729 | AG12: 6.7777083 | AJ12: =T12-(T12*0.08) -> 19.349325 | AK12: =U12-(U12*0.08) -> 62.116388 | AL12: =V12+(V12*0.08) -> 7.3573875 | AN12: LATERAL | AP12: 20.361771 | AQ12: 60.537292 | AR12: 6.8207292 | AU12: =T12-(T12*0.14) -> 18.087412 | AV12: =U12-(U12*0.14) -> 58.065319 | AW12: =V12+(V12*0.14) -> 7.7661313 | AY12: LATERAL | BA12: 20.241563 | BB12: 55.555208 | BC12: 6.9302083 | BF12: =T12-(T12*0.2) -> 16.8255 | BG12: =U12-(U12*0.2) -> 54.01425 | BH12: =V12+(V12*0.2) -> 8.174875 | BJ12: LATERAL | BL12: 19.345312 | BM12: 52.668437 | BN12: 6.9382292
B13: PRINCIPAL | C13: Av. Escuadron | D13: ='IDA ORIGINAL'!B146 -> 25.092292 | E13: ='IDA ORIGINAL'!C146 -> 101.35052 | F13: ='IDA ORIGINAL'!D146 -> 6.9079167 | J13: PRINCIPAL | K13: Av. Escuadron | L13: ='IDA BRT'!B143 -> 21.85125 | M13: ='IDA BRT'!C143 -> 90.562396 | N13: ='IDA BRT'!D143 -> 7.18625 | R13: PRINCIPAL | S13: Av. Escuadron | T13: ='IDA BRT TRANS'!B143 -> 22.209583 | U13: ='IDA BRT TRANS'!C143 -> 91.099792 | V13: ='IDA BRT TRANS'!D143 -> 7.1373958 | Y13: =T13-(T13*0.03) -> 21.543296 | Z13: =U13-(U13*0.03) -> 88.366798 | AA13: =V13+(V13*0.03) -> 7.3515177 | AC13: PRINCIPAL | AD13: Av. Escuadron | AE13: 21.041146 | AF13: 82.441771 | AG13: 7.4484375 | AJ13: =T13-(T13*0.08) -> 20.432817 | AK13: =U13-(U13*0.08) -> 83.811808 | AL13: =V13+(V13*0.08) -> 7.7083875 | AN13: PRINCIPAL | AO13: Av. Escuadron | AP13: 19.73625 | AQ13: 74.259271 | AR13: 7.6745833 | AU13: =T13-(T13*0.14) -> 19.100242 | AV13: =U13-(U13*0.14) -> 78.345821 | AW13: =V13+(V13*0.14) -> 8.1366313 | AY13: PRINCIPAL | AZ13: Av. Escuadron | BA13: 18.905104 | BB13: 68.1075 | BC13: 7.7219792 | BF13: =T13-(T13*0.2) -> 17.767667 | BG13: =U13-(U13*0.2) -> 72.879833 | BH13: =V13+(V13*0.2) -> 8.564875 | BJ13: PRINCIPAL | BK13: Av. Escuadron | BL13: 19.346354 | BM13: 64.296354 | BN13: 7.6452083
B14: LATERAL | D14: ='IDA ORIGINAL'!B174 -> 23.543437 | E14: ='IDA ORIGINAL'!C174 -> 130.81135 | F14: ='IDA ORIGINAL'!D174 -> 5.4454167 | J14: LATERAL | L14: ='IDA BRT'!B171 -> 23.040104 | M14: ='IDA BRT'!C171 -> 67.314167 | N14: ='IDA BRT'!D171 -> 6.4960417 | R14: LATERAL | T14: ='IDA BRT TRANS'!B171 -> 23.596979 | U14: ='IDA BRT TRANS'!C171 -> 69.753542 | V14: ='IDA BRT TRANS'!D171 -> 6.5045833 | Y14: =T14-(T14*0.03) -> 22.88907 | Z14: =U14-(U14*0.03) -> 67.660935 | AA14: =V14+(V14*0.03) -> 6.6997208 | AC14: LATERAL | AE14: 21.46375 | AF14: 62.099062 | AG14: 6.6211458 | AJ14: =T14-(T14*0.08) -> 21.709221 | AK14: =U14-(U14*0.08) -> 64.173258 | AL14: =V14+(V14*0.08) -> 7.02495 | AN14: LATERAL | AP14: 21.596979 | AQ14: 59.035 | AR14: 6.6990625 | AU14: =T14-(T14*0.14) -> 20.293402 | AV14: =U14-(U14*0.14) -> 59.988046 | AW14: =V14+(V14*0.14) -> 7.415225 | AY14: LATERAL | BA14: 22.547604 | BB14: 58.733958 | BC14: 6.6051042 | BF14: =T14-(T14*0.2) -> 18.877583 | BG14: =U14-(U14*0.2) -> 55.802833 | BH14: =V14+(V14*0.2) -> 7.8055 | BJ14: LATERAL | BL14: 21.321562 | BM14: 53.641354 | BN14: 6.8261458
C15: Monumento | D15: ='IDA ORIGINAL'!B218 -> 100.79944 | E15: ='IDA ORIGINAL'!C218 -> 223.33132 | F15: ='IDA ORIGINAL'!D218 -> 1.4290278 | K15: Monumento | L15: ='IDA BRT'!B215 -> 35.041736 | M15: ='IDA BRT'!C215 -> 110.48868 | N15: ='IDA BRT'!D215 -> 3.820625 | S15: Monumento | T15: ='IDA BRT TRANS'!B215 -> 40.572917 | U15: ='IDA BRT TRANS'!C215 -> 126.15361 | V15: ='IDA BRT TRANS'!D215 -> 3.2095833 | Y15: =T15-(T15*0.03) -> 39.355729 | Z15: =U15-(U15*0.03) -> 122.369 | AA15: =V15+(V15*0.03) -> 3.3058708 | AD15: Monumento | AE15: 33.660625 | AF15: 105.90701 | AG15: 3.9786806 | AJ15: =T15-(T15*0.08) -> 37.327083 | AK15: =U15-(U15*0.08) -> 116.06132 | AL15: =V15+(V15*0.08) -> 3.46635 | AO15: Monumento | AP15: 33.243889 | AQ15: 102.55507 | AR15: 3.9955556 | AU15: =T15-(T15*0.14) -> 34.892708 | AV15: =U15-(U15*0.14) -> 108.49211 | AW15: =V15+(V15*0.14) -> 3.658925 | AZ15: Monumento | BA15: 32.306181 | BB15: 95.140694 | BC15: 4.0686111 | BF15: =T15-(T15*0.2) -> 32.458333 | BG15: =U15-(U15*0.2) -> 100.92289 | BH15: =V15+(V15*0.2) -> 3.8515 | BK15: Monumento | BL15: 32.212778 | BM15: 89.028333 | BN15: 4.1597222
C16: Michelena | D16: 36.3575 | E16: 80.237917 | F16: 1.6670833 | K16: Michelena | L16: 23.374167 | M16: 66.409583 | N16: 2.5783333 | S16: Michelena | T16: 26.945544 | U16: 72.239167 | V16: 2.0655444 | Y16: =T16-(T16*0.03) -> 26.137178 | Z16: =U16-(U16*0.03) -> 70.071992 | AA16: =V16+(V16*0.03) -> 2.1275108 | AD16: Michelena | AE16: 24.402083 | AF16: 64.809167 | AG16: 2.520625 | AJ16: =T16-(T16*0.08) -> 24.789901 | AK16: =U16-(U16*0.08) -> 66.460033 | AL16: =V16+(V16*0.08) -> 2.230788 | AO16: Michelena | AP16: 23.686354 | AQ16: 63.194167 | AR16: 2.5672917 | AU16: =T16-(T16*0.14) -> 23.173168 | AV16: =U16-(U16*0.14) -> 62.125683 | AW16: =V16+(V16*0.14) -> 2.3547207 | AZ16: Michelena | BA16: 24.324583 | BB16: 61.143229 | BC16: 2.5453125 | BF16: =T16-(T16*0.2) -> 21.556435 | BG16: =U16-(U16*0.2) -> 57.791333 | BH16: =V16+(V16*0.2) -> 2.4786533 | BK16: Michelena | BL16: 22.987083 | BM16: 55.84375 | BN16: 2.66
C17: Pozarica | D17: ='IDA ORIGINAL'!B250 -> 42.478646 | E17: ='IDA ORIGINAL'!C250 -> 91.871563 | F17: ='IDA ORIGINAL'!D250 -> 2.320625 | K17: Pozarica | L17: ='IDA BRT'!B247 -> 40.720937 | M17: ='IDA BRT'!C247 -> 83.375833 | N17: ='IDA BRT'!D247 -> 3.1216667 | S17: Pozarica | T17: ='IDA BRT TRANS'!B247 -> 43.988021 | U17: ='IDA BRT TRANS'!C247 -> 94.376042 | V17: ='IDA BRT TRANS'!D247 -> 2.4482292 | Y17: =T17-(T17*0.03) -> 42.66838 | Z17: =U17-(U17*0.03) -> 91.54476 | AA17: =V17+(V17*0.03) -> 2.521676 | AD17: Pozarica | AE17: 39.531458 | AF17: 87.222292 | AG17: 2.5290625 | AJ17: =T17-(T17*0.08) -> 40.468979 | AK17: =U17-(U17*0.08) -> 86.825958 | AL17: =V17+(V17*0.08) -> 2.6440875 | AO17: Pozarica | AP17: 38.684688 | AQ17: 79.814583 | AR17: 2.5439583 | AU17: =T17-(T17*0.14) -> 37.829698 | AV17: =U17-(U17*0.14) -> 81.163396 | AW17: =V17+(V17*0.14) -> 2.7909813 | AZ17: Pozarica | BA17: 37.013021 | BB17: 74.040833 | BC17: 2.6905208 | BF17: =T17-(T17*0.2) -> 35.190417 | BG17: =U17-(U17*0.2) -> 75.500833 | BH17: =V17+(V17*0.2) -> 2.937875 | BK17: Pozarica | BL17: 36.899792 | BM17: 73.586979 | BN17: 2.685625
C18: Caballito | D18: 20.015833 | E18: 64.899167 | F18: 6.97 | K18: Caballito | L18: 13.330833 | M18: 54.188333 | N18: 7.7616667 | S18: Caballito | T18: 13.435556 | U18: 53.416667 | V18: 7.6958333 | Y18: =T18-(T18*0.03) -> 13.032489 | Z18: =U18-(U18*0.03) -> 51.814167 | AA18: =V18+(V18*0.03) -> 7.9267083 | AD18: Caballito | AE18: 11.570208 | AF18: 48.65625 | AG18: 8.3938542 | AJ18: =T18-(T18*0.08) -> 12.360711 | AK18: =U18-(U18*0.08) -> 49.143333 | AL18: =V18+(V18*0.08) -> 8.3115 | AO18: Caballito | AP18: 9.0161458 | AQ18: 41.963437 | AR18: 9.0716667 | AU18: =T18-(T18*0.14) -> 11.554578 | AV18: =U18-(U18*0.14) -> 45.938333 | AW18: =V18+(V18*0.14) -> 8.77325 | AZ18: Caballito | BA18: 6.2585417 | BB18: 32.069063 | BC18: 10.184062 | BF18: =T18-(T18*0.2) -> 10.748444 | BG18: =U18-(U18*0.2) -> 42.733333 | BH18: =V18+(V18*0.2) -> 9.235 | BK18: Caballito | BL18: 6.7370833 | BM18: 31.925417 | BN18: 10.085417
B19: PRINCIPAL | C19: Salida Charo | D19: ='IDA ORIGINAL'!B282 -> 14.291771 | E19: ='IDA ORIGINAL'!C282 -> 67.885729 | F19: ='IDA ORIGINAL'!D282 -> 6.3892708 | J19: PRINCIPAL | K19: Salida Charo | L19: ='IDA BRT'!B279 -> 13.726146 | M19: ='IDA BRT'!C279 -> 65.273125 | N19: ='IDA BRT'!D279 -> 6.656875 | R19: PRINCIPAL | S19: Salida Charo | T19: ='IDA BRT TRANS'!B279 -> 14.274271 | U19: ='IDA BRT TRANS'!C279 -> 66.946771 | V19: ='IDA BRT TRANS'!D279 -> 6.5854167 | Y19: =T19-(T19*0.03) -> 13.846043 | Z19: =U19-(U19*0.03) -> 64.938368 | AA19: =V19+(V19*0.03) -> 6.7829792 | AC19: PRINCIPAL | AD19: Salida Charo | AE19: 14.182708 | AF19: 61.078333 | AG19: 6.84125 | AJ19: =T19-(T19*0.08) -> 13.132329 | AK19: =U19-(U19*0.08) -> 61.591029 | AL19: =V19+(V19*0.08) -> 7.11225 | AN19: PRINCIPAL | AO19: Salida Charo | AP19: 14.785833 | AQ19: 61.117396 | AR19: 6.6766667 | AU19: =T19-(T19*0.14) -> 12.275873 | AV19: =U19-(U19*0.14) -> 57.574223 | AW19: =V19+(V19*0.14) -> 7.507375 | AY19: PRINCIPAL | AZ19: Salida Charo | BA19: 14.693125 | BB19: 59.056146 | BC19: 6.7215625 | BF19: =T19-(T19*0.2) -> 11.419417 | BG19: =U19-(U19*0.2) -> 53.557417 | BH19: =V19+(V19*0.2) -> 7.9025 | BJ19: PRINCIPAL | BK19: Salida Charo | BL19: 14.617604 | BM19: 58.333646 | BN19: 6.7535417
B20: LATERAL | D20: ='IDA ORIGINAL'!B310 -> 15.474479 | E20: ='IDA ORIGINAL'!C310 -> 57.23125 | F20: ='IDA ORIGINAL'!D310 -> 4.9884375 | J20: LATERAL | L20: ='IDA BRT'!B307 -> 15.353854 | M20: ='IDA BRT'!C307 -> 55.444479 | N20: ='IDA BRT'!D307 -> 5.4783333 | R20: LATERAL | T20: ='IDA BRT TRANS'!B307 -> 16.914062 | U20: ='IDA BRT TRANS'!C307 -> 75.315417 | V20: ='IDA BRT TRANS'!D307 -> 5.1552083 | Y20: =T20-(T20*0.03) -> 16.406641 | Z20: =U20-(U20*0.03) -> 73.055954 | AA20: =V20+(V20*0.03) -> 5.3098646 | AC20: LATERAL | AE20: 16.209687 | AF20: 68.467604 | AG20: 5.2796875 | AJ20: =T20-(T20*0.08) -> 15.560937 | AK20: =U20-(U20*0.08) -> 69.290183 | AL20: =V20+(V20*0.08) -> 5.567625 | AN20: LATERAL | AP20: 16.301354 | AQ20: 67.597083 | AR20: 5.2979167 | AU20: =T20-(T20*0.14) -> 14.546094 | AV20: =U20-(U20*0.14) -> 64.771258 | AW20: =V20+(V20*0.14) -> 5.8769375 | AY20: LATERAL | BA20: 16.175937 | BB20: 71.056042 | BC20: 5.2458333 | BF20: =T20-(T20*0.2) -> 13.53125 | BG20: =U20-(U20*0.2) -> 60.252333 | BH20: =V20+(V20*0.2) -> 6.18625 | BJ20: LATERAL | BL20: 16.491458 | BM20: 68.708229 | BN20: 5.2210417
B23: Detectores VUELTA | J23: Detectores VUELTA | R23: Detectores VUELTA | AC23: Detectores VUELTA | AN23: Detectores VUELTA | AY23: Detectores VUELTA | BJ23: Detectores VUELTA
C26: Intersecciones | D26: TIEMPO ESPERA | E26: LONG COLA | F26: VELOCIDAD | G26: TIEMPO VIAJE | K26: Intersecciones | L26: TIEMPO ESPERA | M26: LONG COLA | N26: VELOCIDAD | O26: TIEMPO VIAJE | S26: Intersecciones | T26: TIEMPO ESPERA | U26: LONG COLA | V26: VELOCIDAD | W26: TIEMPO VIAJE | AD26: Intersecciones | AE26: TIEMPO ESPERA | AF26: LONG COLA | AG26: VELOCIDAD | AH26: TIEMPO VIAJE | AO26: Intersecciones | AP26: TIEMPO ESPERA | AQ26: LONG COLA | AR26: VELOCIDAD | AS26: TIEMPO VIAJE | AZ26: Intersecciones | BA26: TIEMPO ESPERA | BB26: LONG COLA | BC26: VELOCIDAD | BD26: TIEMPO VIAJE | BK26: Intersecciones | BL26: TIEMPO ESPERA | BM26: LONG COLA | BN26: VELOCIDAD | BO26: TIEMPO VIAJE
C27: Salida Quiroga | D27: ='VUELTA ORIGINAL'!B51 -> 42.98375 | E27: ='VUELTA ORIGINAL'!C51 -> 136.82313 | F27: ='VUELTA ORIGINAL'!D51 -> 3.7099306 | K27: Salida Quiroga | L27: ='VUELTA BRT'!B51 -> 17.593264 | M27: ='VUELTA BRT'!C51 -> 98.302222 | N27: ='VUELTA BRT'!D51 -> 7.2677083 | S27: Salida Quiroga | T27: ='VUELTA BRT TRANS'!B51 -> 17.361736 | U27: ='VUELTA BRT TRANS'!C51 -> 99.133194 | V27: ='VUELTA BRT TRANS'!D51 -> 7.3414583 | Y27: =T27-(T27*0.03) -> 16.840884 | Z27: =U27-(U27*0.03) -> 96.159199 | AA27: =V27-(V27*0.03) -> 7.1212146 | AD27: Salida Quiroga | AE27: 16.327708 | AF27: 102.03948 | AG27: 7.5342708 | AJ27: =T27-(T27*0.08) -> 15.972797 | AK27: =U27-(U27*0.08) -> 91.202539 | AL27: =V27+(V27*0.08) -> 7.928775 | AO27: Salida Quiroga | AP27: 15.921354 | AQ27: 92.95 | AR27: 7.6328125 | AU27: =T27-(T27*0.14) -> 14.931093 | AV27: =U27-(U27*0.14) -> 85.254547 | AW27: =V27+(V27*0.14) -> 8.3692625 | AZ27: Salida Quiroga | BA27: 15.245104 | BB27: 85.661354 | BC27: 7.8939583 | BF27: =T27-(T27*0.2) -> 13.889389 | BG27: =U27-(U27*0.2) -> 79.306556 | BH27: =V27+(V27*0.2) -> 8.80975 | BK27: Salida Quiroga | BL27: 14.124896 | BM27: 83.744583 | BN27: 8.3163542 | BO27: 2250.33
B28: PRINCIPAL | C28: San Juanito | D28: ='VUELTA ORIGINAL'!B83 -> 21.654687 | E28: ='VUELTA ORIGINAL'!C83 -> 100.41833 | F28: ='VUELTA ORIGINAL'!D83 -> 6.5380208 | J28: PRINCIPAL | K28: San Juanito | L28: ='VUELTA BRT'!B83 -> 18.634062 | M28: ='VUELTA BRT'!C83 -> 98.873333 | N28: ='VUELTA BRT'!D83 -> 7.9078125 | R28: PRINCIPAL | S28: San Juanito | T28: ='VUELTA BRT TRANS'!B83 -> 19.499792 | U28: ='VUELTA BRT TRANS'!C83 -> 100.54031 | V28: ='VUELTA BRT TRANS'!D83 -> 6.9005208 | Y28: =T28-(T28*0.03) -> 18.914798 | Z28: =U28-(U28*0.03) -> 97.524103 | AA28: =V28-(V28*0.03) -> 6.6935052 | AC28: PRINCIPAL | AD28: San Juanito | AE28: 21.513646 | AF28: 95.525 | AG28: 6.5534375 | AJ28: =T28-(T28*0.08) -> 17.939808 | AK28: =U28-(U28*0.08) -> 92.497087 | AL28: =V28+(V28*0.08) -> 7.4525625 | AN28: PRINCIPAL | AO28: San Juanito | AP28: 20.535417 | AQ28: 89.278125 | AR28: 6.6665625 | AU28: =T28-(T28*0.14) -> 16.769821 | AV28: =U28-(U28*0.14) -> 86.464669 | AW28: =V28+(V28*0.14) -> 7.8665938 | AY28: PRINCIPAL | AZ28: San Juanito | BA28: 20.684792 | BB28: 85.084063 | BC28: 6.5751042 | BF28: =T28-(T28*0.2) -> 15.599833 | BG28: =U28-(U28*0.2) -> 80.43225 | BH28: =V28+(V28*0.2) -> 8.280625 | BJ28: PRINCIPAL | BK28: San Juanito | BL28: 20.458333 | BM28: 76.780833 | BN28: 6.6888542
B29: LATERAL | D29: ='VUELTA ORIGINAL'!B111 -> 24.619063 | E29: ='VUELTA ORIGINAL'!C111 -> 51.720312 | F29: ='VUELTA ORIGINAL'!D111 -> 6.4309375 | J29: LATERAL | L29: ='VUELTA BRT'!B111 -> 22.355729 | M29: ='VUELTA BRT'!C111 -> 48.239271 | N29: ='VUELTA BRT'!D111 -> 7.05875 | R29: LATERAL | T29: ='VUELTA BRT TRANS'!B111 -> 22.144167 | U29: ='VUELTA BRT TRANS'!C111 -> 48.691458 | V29: ='VUELTA BRT TRANS'!D111 -> 7.31375 | Y29: =T29-(T29*0.03) -> 21.479842 | Z29: =U29-(U29*0.03) -> 47.230715 | AA29: =V29-(V29*0.03) -> 7.0943375 | AC29: LATERAL | AE29: 22.326771 | AF29: 49.747083 | AG29: 6.8763542 | AJ29: =T29-(T29*0.08) -> 20.372633 | AK29: =U29-(U29*0.08) -> 44.796142 | AL29: =V29+(V29*0.08) -> 7.89885 | AN29: LATERAL | AP29: 21.862813 | AQ29: 46.919688 | AR29: 6.9291667 | AU29: =T29-(T29*0.14) -> 19.043983 | AV29: =U29-(U29*0.14) -> 41.874654 | AW29: =V29+(V29*0.14) -> 8.337675 | AY29: LATERAL | BA29: 21.112708 | BB29: 45.280729 | BC29: 7.0858333 | BF29: =T29-(T29*0.2) -> 17.715333 | BG29: =U29-(U29*0.2) -> 38.953167 | BH29: =V29+(V29*0.2) -> 8.7765 | BJ29: LATERAL | BL29: 23.023021 | BM29: 45.078333 | BN29: 6.9014583
B30: PRINCIPAL | C30: Av. Escuadron | D30: ='VUELTA ORIGINAL'!B143 -> 20.804167 | E30: ='VUELTA ORIGINAL'!C143 -> 35.153021 | F30: ='VUELTA ORIGINAL'!D143 -> 7.281875 | J30: PRINCIPAL | K30: Av. Escuadron | L30: ='VUELTA BRT'!B143 -> 20.544479 | M30: ='VUELTA BRT'!C143 -> 35.130104 | N30: ='VUELTA BRT'!D143 -> 7.3109375 | R30: PRINCIPAL | S30: Av. Escuadron | T30: ='VUELTA BRT TRANS'!B143 -> 21.393437 | U30: ='VUELTA BRT TRANS'!C143 -> 35.724062 | V30: ='VUELTA BRT TRANS'!D143 -> 7.1269792 | Y30: =T30-(T30*0.03) -> 20.751634 | Z30: =U30-(U30*0.03) -> 34.652341 | AA30: =V30-(V30*0.03) -> 6.9131698 | AC30: PRINCIPAL | AD30: Av. Escuadron | AE30: 19.684167 | AF30: 33.725833 | AG30: 7.2995833 | AJ30: =T30-(T30*0.08) -> 19.681962 | AK30: =U30-(U30*0.08) -> 32.866137 | AL30: =V30+(V30*0.08) -> 7.6971375 | AN30: PRINCIPAL | AO30: Av. Escuadron | AP30: 18.817708 | AQ30: 30.130833 | AR30: 7.42375 | AU30: =T30-(T30*0.14) -> 18.398356 | AV30: =U30-(U30*0.14) -> 30.722694 | AW30: =V30+(V30*0.14) -> 8.1247563 | AY30: PRINCIPAL | AZ30: Av. Escuadron | BA30: 19.126771 | BB30: 28.581563 | BC30: 7.4135417 | BF30: =T30-(T30*0.2) -> 17.11475 | BG30: =U30-(U30*0.2) -> 28.57925 | BH30: =V30+(V30*0.2) -> 8.552375 | BJ30: PRINCIPAL | BK30: Av. Escuadron | BL30: 19.258854 | BM30: 26.975729 | BN30: 7.2629167
B31: LATERAL | D31: ='VUELTA ORIGINAL'!B171 -> 10.341979 | E31: ='VUELTA ORIGINAL'!C171 -> 40.21125 | F31: ='VUELTA ORIGINAL'!D171 -> 10.999375 | J31: LATERAL | L31: 8.25375 | M31: 27.638333 | N31: 12.15 | R31: LATERAL | T31: 9.7544333 | U31: 29.457667 | V31: 11.011111 | Y31: =T31-(T31*0.03) -> 9.4618003 | Z31: =U31-(U31*0.03) -> 28.573937 | AA31: =V31-(V31*0.03) -> 10.680778 | AC31: LATERAL | AE31: 6.5514583 | AF31: 23.242292 | AG31: 9.8726042 | AJ31: =T31-(T31*0.08) -> 8.9740787 | AK31: =U31-(U31*0.08) -> 27.101053 | AL31: =V31+(V31*0.08) -> 11.892 | AN31: LATERAL | AP31: 7.3467708 | AQ31: 22.97 | AR31: 9.5255208 | AU31: =T31-(T31*0.14) -> 8.3888127 | AV31: =U31-(U31*0.14) -> 25.333593 | AW31: =V31+(V31*0.14) -> 12.552667 | AY31: LATERAL | BA31: 6.7815625 | BB31: 20.206979 | BC31: 9.8776042 | BF31: =T31-(T31*0.2) -> 7.8035467 | BG31: =U31-(U31*0.2) -> 23.566133 | BH31: =V31+(V31*0.2) -> 13.213333 | BJ31: LATERAL | BL31: 6.4304167 | BM31: 20.34 | BN31: 9.9741667
C32: Monumento | D32: ='VUELTA ORIGINAL'!B215 -> 43.229583 | E32: ='VUELTA ORIGINAL'!C215 -> 159.89687 | F32: ='VUELTA ORIGINAL'!D215 -> 1.9968056 | K32: Monumento | L32: ='VUELTA BRT'!B187 -> 33.20375 | M32: ='VUELTA BRT'!C187 -> 109.93215 | N32: ='VUELTA BRT'!D187 -> 3.0236111 | S32: Monumento | T32: ='VUELTA BRT TRANS'!B187 -> 37.079514 | U32: ='VUELTA BRT TRANS'!C187 -> 126.61785 | V32: ='VUELTA BRT TRANS'!D187 -> 2.6439583 | Y32: =T32-(T32*0.03) -> 35.967128 | Z32: =U32-(U32*0.03) -> 122.81931 | AA32: =V32-(V32*0.03) -> 2.5646396 | AD32: Monumento | AE32: 33.374792 | AF32: 110.68111 | AG32: 2.8636806 | AJ32: =T32-(T32*0.08) -> 34.113153 | AK32: =U32-(U32*0.08) -> 116.48842 | AL32: =V32+(V32*0.08) -> 2.855475 | AO32: Monumento | AP32: 31.707431 | AQ32: 104.26354 | AR32: 3.0577778 | AU32: =T32-(T32*0.14) -> 31.888382 | AV32: =U32-(U32*0.14) -> 108.89135 | AW32: =V32+(V32*0.14) -> 3.0141125 | AZ32: Monumento | BA32: 31.205208 | BB32: 98.469375 | BC32: 3.0928472 | BF32: =T32-(T32*0.2) -> 29.663611 | BG32: =U32-(U32*0.2) -> 101.29428 | BH32: =V32+(V32*0.2) -> 3.17275 | BK32: Monumento | BL32: 30.676944 | BM32: 92.279167 | BN32: 3.1363889
C33: Pozarica | D33: ='VUELTA ORIGINAL'!B247 -> 12.255521 | E33: 106.78156 | F33: ='VUELTA ORIGINAL'!D247 -> 7.1265625 | K33: Pozarica | L33: ='VUELTA BRT'!B219 -> 8.0503125 | M33: ='VUELTA BRT'!C219 -> 55.055833 | N33: ='VUELTA BRT'!D219 -> 8.7478125 | S33: Pozarica | T33: ='VUELTA BRT TRANS'!B219 -> 10.011458 | U33: ='VUELTA BRT TRANS'!C219 -> 58.25625 | V33: ='VUELTA BRT TRANS'!D219 -> 8.190625 | Y33: =T33-(T33*0.03) -> 9.7111146 | Z33: =U33-(U33*0.03) -> 56.508563 | AA33: =V33-(V33*0.03) -> 7.9449062 | AD33: Pozarica | AE33: 7.25875 | AF33: 51.853333 | AG33: 9.1238542 | AJ33: =T33-(T33*0.08) -> 9.2105417 | AK33: =U33-(U33*0.08) -> 53.59575 | AL33: =V33+(V33*0.08) -> 8.845875 | AO33: Pozarica | AP33: 6.3347917 | AQ33: 42.313333 | AR33: 9.4694792 | AU33: =T33-(T33*0.14) -> 8.6098542 | AV33: =U33-(U33*0.14) -> 50.100375 | AW33: =V33+(V33*0.14) -> 9.3373125 | AZ33: Pozarica | BA33: 5.3891667 | BB33: 41.935 | BC33: 10.118333 | BF33: =T33-(T33*0.2) -> 8.0091667 | BG33: =U33-(U33*0.2) -> 46.605 | BH33: =V33+(V33*0.2) -> 9.82875 | BK33: Pozarica | BL33: 4.629375 | BM33: 33.949479 | BN33: 10.576771
B34: PRINCIPAL | C34: Salida Charo | D34: ='VUELTA ORIGINAL'!B279 -> 18.266875 | E34: ='VUELTA ORIGINAL'!C279 -> 96.500625 | F34: ='VUELTA ORIGINAL'!D279 -> 7.0053125 | J34: PRINCIPAL | K34: Salida Charo | L34: ='VUELTA BRT'!B251 -> 15.374896 | M34: ='VUELTA BRT'!C251 -> 40.187813 | N34: ='VUELTA BRT'!D251 -> 7.8433333 | R34: PRINCIPAL | S34: Salida Charo | T34: ='VUELTA BRT TRANS'!B251 -> 18.106667 | U34: ='VUELTA BRT TRANS'!C251 -> 43.885937 | V34: ='VUELTA BRT TRANS'!D251 -> 7.6276042 | Y34: =T34-(T34*0.03) -> 17.563467 | Z34: =U34-(U34*0.03) -> 42.569359 | AA34: =V34-(V34*0.03) -> 7.398776 | AC34: PRINCIPAL | AD34: Salida Charo | AE34: 12.934688 | AF34: 35.989792 | AG34: 9.3109375 | AJ34: =T34-(T34*0.08) -> 16.658133 | AK34: =U34-(U34*0.08) -> 40.375062 | AL34: =V34+(V34*0.08) -> 8.2378125 | AN34: PRINCIPAL | AO34: Salida Charo | AP34: 13.03 | AQ34: 35.520417 | AR34: 9.1738542 | AU34: =T34-(T34*0.14) -> 15.571733 | AV34: =U34-(U34*0.14) -> 37.741906 | AW34: =V34+(V34*0.14) -> 8.6954687 | AY34: PRINCIPAL | AZ34: Salida Charo | BA34: 12.654375 | BB34: 31.604792 | BC34: 9.29375 | BF34: =T34-(T34*0.2) -> 14.485333 | BG34: =U34-(U34*0.2) -> 35.10875 | BH34: =V34+(V34*0.2) -> 9.153125 | BJ34: PRINCIPAL | BK34: Salida Charo | BL34: 12.293437 | BM34: 29.775312 | BN34: 9.3815625
B35: LATERAL | D35: ='VUELTA ORIGINAL'!B307 -> 19.97125 | E35: ='VUELTA ORIGINAL'!C307 -> 82.215833 | F35: ='VUELTA ORIGINAL'!D307 -> 6.9885417 | J35: LATERAL | L35: ='VUELTA BRT'!B279 -> 13.769271 | M35: ='VUELTA BRT'!C279 -> 38.755938 | N35: ='VUELTA BRT'!D279 -> 8.9792708 | R35: LATERAL | T35: ='VUELTA BRT TRANS'!B279 -> 18.520833 | U35: ='VUELTA BRT TRANS'!C279 -> 43.470938 | V35: ='VUELTA BRT TRANS'!D279 -> 6.8428125 | Y35: =T35-(T35*0.03) -> 17.965208 | Z35: =U35-(U35*0.03) -> 42.166809 | AA35: =V35-(V35*0.03) -> 6.6375281 | AC35: LATERAL | AE35: 17.771875 | AF35: 91.7425 | AG35: 7.0205208 | AJ35: =T35-(T35*0.08) -> 17.039167 | AK35: =U35-(U35*0.08) -> 39.993263 | AL35: =V35+(V35*0.08) -> 7.3902375 | AN35: LATERAL | AP35: 17.731667 | AQ35: 89.76 | AR35: 7.0125 | AU35: =T35-(T35*0.14) -> 15.927917 | AV35: =U35-(U35*0.14) -> 37.385006 | AW35: =V35+(V35*0.14) -> 7.8008062 | AY35: LATERAL | BA35: 17.555208 | BB35: 83.648438 | BC35: 7.0733333 | BF35: =T35-(T35*0.2) -> 14.816667 | BG35: =U35-(U35*0.2) -> 34.77675 | BH35: =V35+(V35*0.2) -> 8.211375 | BJ35: LATERAL | BL35: 16.755208 | BM35: 81.204792 | BN35: 7.1652083

Sheet IDA ORIGINAL
B2: Intersecciones IDA | I2: 2750
H4: Corridas | I4: Segundos | J4: Velocidad
G5: Tiempo de Viaje | H5: 1 | I5: 2325.0967 | J5: 11.652222
H6: 2 | I6: 2446 | J6: 9.94
H7: 3 | I7: 2437 | J7: 9.89
H8: 4 | I8: 4552
B9: Salida Quiroga
B11: Corrida 1 | E11: Corrida 2 | H11: Corrida 3 | K11: Corrida 4
B12: Tiempos de espera | C12: Long. Cola | D12: Velocidad | E12: Tiempos de espera | F12: Long. Cola | G12: Velocidad | H12: Tiempos de espera | I12: Long. Cola | J12: Velocidad | K12: Tiempos de espera | L12: Long. Cola | M12: Velocidad
B13: 9.26 | C13: 41.04 | D13: 8.85 | E13: 15.85 | F13: 73.51 | G13: 6.33 | H13: 13.79 | I13: 56.29 | J13: 6.77 | K13: 11.04 | L13: 48.52 | M13: 7.7
B14: 15.27 | C14: 56.16 | D14: 6.28 | E14: 12.41 | F14: 66.02 | G14: 6.52 | H14: 17.01 | I14: 71.22 | J14: 5.44 | K14: 13.38 | L14: 63.63 | M14: 6.83
B15: 13.41 | C15: 41.09 | D15: 6.85 | E15: 15.36 | F15: 48.54 | G15: 6.11 | H15: 14.07 | I15: 56.08 | J15: 6.64 | K15: 13.57 | L15: 56.09 | M15: 7.09
B16: 17.68 | C16: 78.69 | D16: 5.13 | E16: 21.42 | F16: 71.09 | G16: 5.13 | H16: 16.76 | I16: 59.12 | J16: 5.74 | K16: 18.76 | L16: 80.99 | M16: 5.09
B17: 14.81 | C17: 71.07 | D17: 6.36 | E17: 11.94 | F17: 56.15 | G17: 6.95 | H17: 14.04 | I17: 63.5 | J17: 6.52 | K17: 14 | L17: 56.06 | M17: 6.52
B18: 14.61 | C18: 48.73 | D18: 6.56 | E18: 13.94 | F18: 41.15 | G18: 6.72 | H18: 12.8 | I18: 48.88 | J18: 6.24 | K18: 14.8 | L18: 48.7 | M18: 6.34
B19: 21.24 | C19: 78.55 | D19: 4.79 | E19: 18.49 | F19: 71.14 | G19: 5.58 | H19: 19.24 | I19: 65.3 | J19: 5.7 | K19: 14.77 | L19: 57.02 | M19: 6.51
B20: 11.94 | C20: 41 | D20: 7.49 | E20: 17.79 | F20: 56 | G20: 5.48 | H20: 17.66 | I20: 71.19 | J20: 5.78 | K20: 13.56 | L20: 63.65 | M20: 6.59
B21: 10.17 | C21: 48.67 | D21: 7.6 | E21: 10.2 | F21: 48.49 | G21: 7.67 | H21: 9.93 | I21: 48.59 | J21: 7.78 | K21: 8.22 | L21: 63.32 | M21: 8.93
B22: 14.34 | C22: 51.06 | D22: 6.1 | E22: 21.78 | F22: 71.11 | G22: 4.97 | H22: 18.12 | I22: 88.41 | J22: 5.66 | K22: 17.52 | L22: 71.17 | M22: 5.73
B23: 20.19 | C23: 71.14 | D23: 5.7 | E23: 15.2 | F23: 48.65 | G23: 6.13 | H23: 15.83 | I23: 70.96 | J23: 6.07 | K23: 23.41 | L23: 93.56 | M23: 4.88
B24: 11.56 | C24: 41.31 | D24: 7.33 | E24: 11.88 | F24: 48.54 | G24: 7.34 | H24: 9.91 | I24: 41.2 | J24: 8.11 | K24: 8.08 | L24: 33.61 | M24: 8.92
... B48: 23.51 | C48: 96.57 | D48: 4.96 | E48: 25.96 | F48: 101.69 | G48: 4.53 | H48: 21.97 | I48: 94.38 | J48: 5.14 | K48: 21.06 | L48: 79.34 | M48: 5.31
A50: PROMEDIOS | B50: =AVERAGE(B13:B48) -> 16.462222 | C50: =AVERAGE(C13:C48) -> 66.316944 | D50: =AVERAGE(D13:D48) -> 6.2086111 | E50: =AVERAGE(E13:E48) -> 16.937222 | F50: =AVERAGE(F13:F48) -> 61.37 | G50: =AVERAGE(G13:G48) -> 6.1775 | H50: =AVERAGE(H13:H48) -> 15.484167 | I50: =AVERAGE(I13:I48) -> 66.646667 | ... M50: =AVERAGE(M13:M48) -> 6.3736111
A51: PROMEDIO 4 | B51: =AVERAGE(B50,E50,H50,K50) -> 16.374792 | C51: =AVERAGE(C50,F50,I50,L50) -> 65.101458 | D51: =AVERAGE(D50,G50,J50,M50) -> 6.2702083
A52: ERROR AD | B52: =B51*0.05 -> 0.81873958 | C52: =C51*0.05 -> 3.2550729 | D52: =D51*0.05 -> 0.31351042
A53: DESVIAC | B53: =_xlfn.STDEV.S(B50,E50,H50,K50) -> 0.62587336 | C53: =_xlfn.STDEV.S(C50,F50,I50,L50) -> 2.498749 | D53: =_xlfn.STDEV.S(D50,G50,J50,M50) -> 0.09250636
A54: Nm | B54: =((2.92)*(B53/B52))^2 -> 4.9824971 | C54: =((2.92)*(C53/C52))^2 -> 5.0244614 | D54: =((2.92)*(D53/D52))^2 -> 0.74234355
B56: San Juanito
B58: Corrida 1 | E58: Corrida 2 | H58: Corrida 3 | K58: Corrida 4
B59: Tiempos de espera | C59: Long. Cola | D59: Velocidad | E59: Tiempos de espera | F59: Long. Cola | G59: Velocidad | H59: Tiempos de espera | I59: Long. Cola | J59: Velocidad | K59: Tiempos de espera | L59: Long. Cola | M59: Velocidad
A60: principal | B60: 11.73 | C60: 87.61 | D60: 8.57 | E60: 8.16 | F60: 49.77 | G60: 8.41 | H60: 9.99 | I60: 80.09 | J60: 8.32 | K60: 9.92 | L60: 72.59 | M60: 8.11
B61: 32.43 | C61: 147.75 | D61: 6.01 | E61: 32.5 | F61: 147.79 | G61: 6.01 | H61: 31.89 | I61: 162.89 | J61: 6.04 | K61: 33.35 | L61: 148.18 | M61: 5.85
B62: 42.05 | C62: 147.57 | D62: 4.43 | E62: 40.38 | F62: 147.8 | G62: 4.54 | H62: 39.3 | I62: 148.18 | J62: 4.47 | K62: 36.61 | L62: 139.45 | M62: 4.74
B63: 44.02 | C63: 131.9 | D63: 4.87 | E63: 49.69 | F63: 131.81 | G63: 4.71 | H63: 56.07 | I63: 117.56 | J63: 4.53 | K63: 53.43 | L63: 132.11 | M63: 4.38
B64: 13.53 | C64: 64.72 | D64: 6.41 | E64: 12.28 | F64: 64.71 | G64: 8.57 | H64: 12.82 | I64: 64.62 | J64: 6.41 | K64: 11.43 | L64: 64.69 | M64: 6.41
B65: 9.47 | C65: 35.14 | D65: 8.45 | E65: 9.47 | F65: 35.14 | G65: 8.45 | H65: 9.47 | I65: 35.14 | J65: 8.45 | K65: 9.47 | L65: 35.14 | M65: 8.45
B66: 13.53 | C66: 64.72 | D66: 8.57 | E66: 4.76 | F66: 4.12 | G66: 6.41 | H66: 10.14 | I66: 19.41 | J66: 6.41 | K66: 9.74 | L66: 19.37 | M66: 6.41
B67: 9.47 | C67: 35.14 | D67: 8.45 | E67: 1.65 | F67: 11.83 | G67: 8.45 | H67: 8.18 | I67: 11.97 | J67: 8.45 | K67: 5.85 | L67: 34.58 | M67: 8.45
B68: 23.74 | C68: 95 | D68: 6.41 | E68: 24.03 | F68: 95.22 | G68: 8.54 | H68: 24.23 | I68: 102.57 | J68: 8.54 | K68: 24.62 | L68: 110.42 | M68: 6.41
B69: 34.87 | C69: 140.29 | D69: 6.58 | E69: 34.47 | F69: 132.81 | G69: 6.47 | H69: 31.81 | I69: 155.95 | J69: 6.64 | K69: 32.55 | L69: 140.44 | M69: 6.57
B70: 29.51 | C70: 132.57 | D70: 6.46 | E70: 31.21 | F70: 154.75 | G70: 5.94 | H70: 29.21 | I70: 139.92 | J70: 6.23 | K70: 31.11 | L70: 155.38 | M70: 5.93
B71: 26.1 | C71: 126.22 | D71: 5.84 | E71: 24.51 | F71: 148.47 | G71: 6.09 | H71: 25.34 | I71: 133.85 | J71: 6.14 | K71: 25.86 | L71: 148.37 | M71: 5.96
B72: 9.66 | C72: 79.82 | D72: 6.41 | E72: 8.22 | F72: 49.64 | G72: 6.41 | H72: 10.43 | I72: 79.77 | J72: 8.57 | K72: 10.05 | L72: 72.53 | M72: 8.57
... B83: 26.41 | C83: 126.24 | D83: 5.85 | E83: 25.65 | F83: 140.63 | G83: 5.63 | H83: 27.38 | I83: 140.88 | J83: 5.56 | K83: 27.5 | L83: 140.91 | M83: 5.76
A85: PROMEDIO | B85: =AVERAGE(B60:B83) -> 26.159583 | C85: =AVERAGE(C60:C83) -> 109.62292 | D85: =AVERAGE(D60:D83) -> 6.395 | E85: =AVERAGE(E60:E83) -> 24.24375 | F85: =AVERAGE(F60:F83) -> 100.66333 | G85: =AVERAGE(G60:G83) -> 6.4729167 | H85: =AVERAGE(H60:H83) -> 25.413333 | I85: =AVERAGE(I60:I83) -> 103.63083 | ... M85: =AVERAGE(M60:M83) -> 6.23625
A86: PROMEDIO 4 | B86: =AVERAGE(B85,E85,H85,K85) -> 25.129792 | C86: =AVERAGE(C85,F85,I85,L85) -> 104.12687 | D86: =AVERAGE(D85,G85,J85,M85) -> 6.3894792
A88: lateral | B88: 12.78 | C88: 81.29 | D88: 8.18 | E88: 13.43 | F88: 79.78 | G88: 8.05 | H88: 15.34 | I88: 101.89 | J88: 7.54 | K88: 12.6 | L88: 87.26 | M88: 8.13
B89: 22.12 | C89: 132.53 | D89: 5.96 | E89: 21.92 | F89: 146.57 | G89: 5.97 | H89: 20.51 | I89: 140.14 | J89: 6.25 | K89: 24.04 | L89: 155.07 | M89: 6.07
B90: 28.06 | C90: 116.61 | D90: 4.63 | E90: 25.26 | F90: 116.68 | G90: 4.77 | H90: 26.09 | I90: 131.76 | J90: 4.93 | K90: 28.64 | L90: 124.17 | M90: 4.6
B91: 29 | C91: 116.92 | D91: 4.94 | E91: 28.84 | F91: 101.6 | G91: 5.11 | H91: 29.93 | I91: 109.55 | J91: 5.37 | K91: 34.24 | L91: 154.61 | M91: 4.57
B92: 30.22 | C92: 94.06 | D92: 5.84 | E92: 21.66 | F92: 49.03 | G92: 6.22 | H92: 26.82 | I92: 78.83 | J92: 5.64 | K92: 24.1 | L92: 78.83 | M92: 6.2
B93: 15.78 | C93: 56.39 | D93: 6.9 | E93: 23.44 | F93: 56.71 | G93: 6.27 | H93: 18.36 | I93: 41.58 | J93: 7.71 | K93: 26.45 | L93: 64.54 | M93: 5.71
B94: 20.55 | C94: 41.63 | D94: 6.24 | E94: 18.96 | F94: 34.13 | G94: 6.76 | H94: 21.31 | I94: 34.19 | J94: 6.22 | K94: 24.68 | L94: 49.03 | M94: 5.3
B95: 12.98 | C95: 44.44 | D95: 8.69 | E95: 8.87 | F95: 26.55 | G95: 9.48 | H95: 6.73 | I95: 13.41 | J95: 10.83 | K95: 7.79 | L95: 26.71 | M95: 10.11
B96: 16.83 | C96: 64.32 | D96: 8.05 | E96: 15.55 | F96: 79.32 | G96: 8.38 | H96: 15.82 | I96: 51.98 | J96: 8.28 | K96: 13.95 | L96: 82.43 | M96: 8.57
B97: 17.71 | C97: 87.45 | D97: 7.37 | E97: 16.59 | F97: 94.23 | G97: 6.8 | H97: 13.19 | I97: 109.17 | J97: 7.95 | K97: 15.39 | L97: 103.59 | M97: 7.64
B98: 14.2 | C98: 79.13 | D98: 7.26 | E98: 13.76 | F98: 79.24 | G98: 6.79 | H98: 12.78 | I98: 71.75 | J98: 7.33 | K98: 13.16 | L98: 79.11 | M98: 7.25
B99: 25.28 | C99: 139.44 | D99: 4.87 | E99: 31.12 | F99: 109.93 | G99: 4.68 | H99: 24.38 | I99: 109 | J99: 4.85 | K99: 23.68 | L99: 131.97 | M99: 4.78
B100: 18.64 | C100: 88.41 | D100: 7.11 | E100: 20.08 | F100: 87.09 | G100: 7.03 | H100: 20.29 | I100: 86.51 | J100: 6.66 | K100: 19.11 | L100: 79.54 | M100: 6.98
... B111: 32.73 | C111: 146.73 | D111: 4.5 | E111: 40.78 | F111: 110 | G111: 4.13 | H111: 35.86 | I111: 109.23 | J111: 4.47 | K111: 33.16 | L111: 131.94 | M111: 4.46
A113: PROMEDIO | B113: =AVERAGE(B88:B111) -> 24.843333 | C113: =AVERAGE(C88:C111) -> 89.351667 | D113: =AVERAGE(D88:D111) -> 6.2808333 | E113: =AVERAGE(E88:E111) -> 23.511667 | F113: =AVERAGE(F88:F111) -> 84.52625 | G113: =AVERAGE(G88:G111) -> 6.3916667 | H113: =AVERAGE(H88:H111) -> 23.047083 | I113: =AVERAGE(I88:I111) -> 85.887917 | ... M113: =AVERAGE(M88:M111) -> 6.2945833
A114: PROMEDIO 4 | B114: =AVERAGE(B113,E113,H113,K113) -> 24.1375 | C114: =AVERAGE(C113,F113,I113,L113) -> 88.775104 | D114: =AVERAGE(D113,G113,J113,M113) -> 6.3969792
B116: Av. Ecuadron 201
B118: Corrida 1 | E118: Corrida 2 | H118: Corrida 3 | K118: Corrida 4
B119: Tiempos de espera | C119: Long. Cola | D119: Velocidad | E119: Tiempos de espera | F119: Long. Cola | G119: Velocidad | H119: Tiempos de espera | I119: Long. Cola | J119: Velocidad | K119: Tiempos de espera | L119: Long. Cola | M119: Velocidad
A120: principal | B120: 11.63 | C120: 42.7 | D120: 11.02 | E120: 11.48 | F120: 42.31 | G120: 10.09 | H120: 11.86 | I120: 36.26 | J120: 10.96 | K120: 10.2 | L120: 42.93 | M120: 11.13
B121: 32.44 | C121: 104.72 | D121: 6.26 | E121: 30.69 | F121: 119.61 | G121: 5.91 | H121: 31.98 | I121: 117.15 | J121: 6 | K121: 33.56 | L121: 95.08 | M121: 5.73
B122: 15.46 | C122: 49.8 | D122: 9.13 | E122: 15.7 | F122: 49.89 | G122: 8.68 | H122: 15.5 | I122: 49.95 | J122: 8.99 | K122: 15.91 | L122: 49.71 | M122: 9.26
B123: 31.15 | C123: 139.7 | D123: 5.61 | E123: 30.55 | F123: 140.32 | G123: 5.58 | H123: 33.03 | I123: 147.86 | J123: 5.07 | K123: 28.29 | L123: 140.67 | M123: 5.91
B124: 28.08 | C124: 118.48 | D124: 5.63 | E124: 25.08 | F124: 95.57 | G124: 6.42 | H124: 29 | I124: 114.03 | J124: 6.17 | K124: 24.39 | L124: 81.69 | M124: 6.79
B125: 39.76 | C125: 167 | D125: 4.61 | E125: 37.42 | F125: 154.3 | G125: 5.08 | H125: 38.43 | I125: 150.73 | J125: 4.86 | K125: 37.28 | L125: 147.84 | M125: 4.7
B126: 42 | C126: 178.11 | D126: 3.9 | E126: 39.4 | F126: 186.97 | G126: 4.17 | H126: 32.63 | I126: 178.41 | J126: 5.13 | K126: 39.87 | L126: 185.94 | M126: 4.11
B127: 48.77 | C127: 238.39 | D127: 3.57 | E127: 49.23 | F127: 238.27 | G127: 3.54 | H127: 49.63 | I127: 208.42 | J127: 3.12 | K127: 56.68 | L127: 238.3 | M127: 2.93
B128: 27.81 | C128: 51.04 | D128: 6.95 | E128: 31.96 | F128: 73.39 | G128: 6.33 | H128: 55.66 | I128: 135.27 | J128: 4.17 | K128: 43.03 | L128: 134.18 | M128: 5.22
B129: 59.6 | C129: 208.37 | D129: 3.45 | E129: 65.2 | F129: 245.74 | G129: 3.46 | H129: 45.09 | I129: 170.83 | J129: 4.14 | K129: 48.56 | L129: 171.16 | M129: 4.5
B130: 23.17 | C130: 87.73 | D130: 7.54 | E130: 29.4 | F130: 102.87 | G130: 6.64 | H130: 19.84 | I130: 42.56 | J130: 8.44 | K130: 21.08 | L130: 87.63 | M130: 8.58
B131: 37.6 | C131: 199.68 | D131: 5.61 | E131: 34.16 | F131: 192.26 | G131: 5.96 | H131: 36.19 | I131: 199.74 | J131: 5.83 | K131: 37.81 | L131: 178.57 | M131: 5.57
B132: 6.88 | C132: 27.15 | D132: 12.89 | E132: 7.74 | F132: 34.6 | G132: 11.44 | H132: 7.36 | I132: 19.72 | J132: 12.94 | K132: 6.28 | L132: 27.14 | M132: 12.84
... B143: 15.33 | C143: 19.7 | D143: 8.78 | E143: 5.86 | F143: 4.46 | G143: 13.11 | H143: 11.26 | I143: 12.13 | J143: 10.23 | K143: 11.26 | L143: 12.13 | M143: 10.23
A145: PROMEDIO | B145: =AVERAGE(B120:B143) -> 25.55375 | C145: =AVERAGE(C120:C143) -> 103.70625 | D145: =AVERAGE(D120:D143) -> 6.7225 | E145: =AVERAGE(E120:E143) -> 25.073333 | F145: =AVERAGE(F120:F143) -> 103.84292 | G145: =AVERAGE(G120:G143) -> 6.8995833 | H145: =AVERAGE(H120:H143) -> 24.9625 | I145: =AVERAGE(I120:I143) -> 99.505833 | ... M145: =AVERAGE(M120:M143) -> 7.0320833
A146: PROMEDIO 4 | B146: =AVERAGE(B145,E145,H145,K145) -> 25.092292 | C146: =AVERAGE(C145,F145,I145,L145) -> 101.35052 | D146: =AVERAGE(D145,G145,J145,M145) -> 6.9079167
A148: lateral | B148: 18.02 | C148: 75.55 | D148: 6.14 | E148: 19.38 | F148: 79.77 | G148: 6.18 | H148: 17.48 | I148: 73.55 | J148: 5.89 | K148: 21.28 | L148: 94.69 | M148: 5.63
B149: 33.92 | C149: 132.22 | D149: 3.88 | E149: 38.39 | F149: 102.2 | G149: 3.54 | H149: 31.51 | I149: 103.21 | J149: 4.14 | K149: 34.63 | L149: 101.48 | M149: 4.07
B150: 19.22 | C150: 65.14 | D150: 6.07 | E150: 22.14 | F150: 95.45 | G150: 6.1 | H150: 36.76 | I150: 140.16 | J150: 3.51 | K150: 22.14 | L150: 64.92 | M150: 6.32
B151: 30.44 | C151: 133.74 | D151: 4.48 | E151: 44.02 | F151: 133.24 | G151: 3.46 | H151: 40.79 | I151: 140.4 | J151: 3.56 | K151: 32.41 | L151: 109.74 | M151: 4.54
B152: 23.65 | C152: 87.45 | D152: 5.75 | E152: 29.29 | F152: 102.58 | G152: 5.28 | H152: 22.14 | I152: 64.72 | J152: 6.46 | K152: 20.46 | L152: 57.37 | M152: 6.01
B153: 20 | C153: 79.64 | D153: 5.58 | E153: 24.63 | F153: 118.76 | G153: 4.95 | H153: 23.78 | I153: 96.11 | J153: 4.64 | K153: 28.93 | L153: 94.73 | M153: 4.77
B154: 22.14 | C154: 80.36 | D154: 5.68 | E154: 20.95 | F154: 123.38 | G154: 5.26 | H154: 28.6 | I154: 96.12 | J154: 4.45 | K154: 22.14 | L154: 95.28 | M154: 6.33
B155: 37.9 | C155: 139.87 | D155: 3.31 | E155: 34.71 | F155: 117.28 | G155: 4.12 | H155: 33.48 | I155: 125.5 | J155: 3.92 | K155: 31.81 | L155: 132.28 | M155: 4.13
B156: 22.14 | C156: 80.34 | D156: 5.76 | E156: 15.44 | F156: 64.84 | G156: 6.53 | H156: 24.11 | I156: 79.8 | J156: 5.13 | K156: 19.73 | L156: 57.49 | M156: 5.87
B157: 26.03 | C157: 101.95 | D157: 4.83 | E157: 35.52 | F157: 134.17 | G157: 4.07 | H157: 38.08 | I157: 128.49 | J157: 3.75 | K157: 53.87 | L157: 161.99 | M157: 3.16
B158: 33.1 | C158: 102.23 | D158: 4.69 | E158: 25.59 | F158: 109.69 | G158: 5.09 | H158: 23.3 | I158: 102.71 | J158: 5.38 | K158: 22.46 | L158: 72.29 | M158: 5.57
B159: 23.21 | C159: 117.3 | D159: 4.82 | E159: 26.14 | F159: 109.4 | G159: 4.71 | H159: 28.42 | I159: 132.22 | J159: 5.13 | K159: 22.88 | L159: 118.13 | M159: 5.27
B160: 14.29 | C160: 44.18 | D160: 8.02 | E160: 22.14 | F160: 119.26 | G160: 7.65 | H160: 14.29 | I160: 244.95 | J160: 8.45 | K160: 14.29 | L160: 248.45 | M160: 9.29
... B171: 17.18 | C171: 123.26 | D171: 5.15 | E171: 19.88 | F171: 153.68 | G171: 5.6 | H171: 19.96 | I171: 153.68 | J171: 5.37 | K171: 17.05 | L171: 164.48 | M171: 5.76
A173: PROMEDIO | B173: =AVERAGE(B148:B171) -> 21.63625 | C173: =AVERAGE(C148:C171) -> 120.535 | D173: =AVERAGE(D148:D171) -> 5.57625 | E173: =AVERAGE(E148:E171) -> 23.985 | F173: =AVERAGE(F148:F171) -> 136.28 | G173: =AVERAGE(G148:G171) -> 5.3383333 | H173: =AVERAGE(H148:H171) -> 24.55375 | I173: =AVERAGE(I148:I171) -> 133.36417 | ... M173: =AVERAGE(M148:M171) -> 5.56125
A174: PROMEDIO 4 | B174: =AVERAGE(B173,E173,H173,K173) -> 23.543437 | C174: =AVERAGE(C173,F173,I173,L173) -> 130.81135 | D174: =AVERAGE(D173,G173,J173,M173) -> 5.4454167
B176: Monumento
B178: Corrida 1 | E178: Corrida 2 | H178: Corrida 3 | K178: Corrida 4
B179: Tiempos de espera | C179: Long. Cola | D179: Velocidad | E179: Tiempos de espera | F179: Long. Cola | G179: Velocidad | H179: Tiempos de espera | I179: Long. Cola | J179: Velocidad | K179: Tiempos de espera | L179: Long. Cola | M179: Velocidad
...

Sheet VUELTA ORIGINAL
B2: Intersecciones VUELTA
H4: Corridas | I4: Segundos | J4: Velocidad
G5: Tiempo de Viaje | H5: 1 | I5: 2418.115 | J5: 11.715
H6: 2 | I6: 2413 | J6: 10.35
H7: 3 | I7: 2384 | J7: 10.26
H8: 4 | I8: 5436
B9: Salida Quiroga
B11: Corrida 1 | E11: Corrida 2 | H11: Corrida 3 | K11: Corrida 4
B12: Tiempos de espera | C12: Long. Cola | D12: Velocidad | E12: Tiempos de espera | F12: Long. Cola | G12: Velocidad | H12: Tiempos de espera | I12: Long. Cola | J12: Velocidad | K12: Tiempos de espera | L12: Long. Cola | M12: Velocidad
B13: 21.27 | C13: 123.12 | D13: 6.04 | E13: 19.9 | F13: 116.85 | G13: 6.18 | H13: 19.8 | I13: 123.33 | J13: 6.06 | K13: 18.75 | L13: 93.18 | M13: 6.6
B14: 15.33 | C14: 78.7 | D14: 7.03 | E14: 19.99 | F14: 124.25 | G14: 5.88 | H14: 14.45 | I14: 63.98 | J14: 7.42 | K14: 15.19 | L14: 78.54 | M14: 7.27
B15: 20.12 | C15: 123.26 | D15: 5.33 | E15: 15.18 | F15: 71.46 | G15: 6.42 | H15: 22.73 | I15: 139.11 | J15: 4.93 | K15: 16.58 | L15: 93.72 | M15: 6.29
B16: 23.84 | C16: 169.34 | D16: 5.06 | E16: 24.57 | F16: 161.81 | G16: 4.89 | H16: 25.59 | I16: 176.8 | J16: 4.91 | K16: 22.43 | L16: 138.97 | M16: 5.24
B17: 19.89 | C17: 176.54 | D17: 5.86 | E17: 22.19 | F17: 176.64 | G17: 5.32 | H17: 22.92 | I17: 198.98 | J17: 5.09 | K17: 18.17 | L17: 161.72 | M17: 6.24
B18: 21.41 | C18: 153.24 | D18: 5.8 | E18: 23.03 | F18: 154.48 | G18: 5.53 | H18: 22.37 | I18: 153.7 | J18: 5.31 | K18: 20.01 | L18: 168.92 | M18: 6.18
B19: 23.03 | C19: 134.75 | D19: 5.4 | E19: 22.98 | F19: 138.84 | G19: 5.38 | H19: 21.36 | I19: 149.03 | J19: 5.53 | K19: 21.45 | L19: 141.67 | M19: 5.44
B20: 17.39 | C20: 146.15 | D20: 6.28 | E20: 21.05 | F20: 175.89 | G20: 5.61 | H20: 18.9 | I20: 153.45 | J20: 5.7 | K20: 21.78 | L20: 191.7 | M20: 5.36
B21: 16.34 | C21: 123.7 | D21: 6.13 | E21: 10.61 | F21: 116.13 | G21: 7.6 | H21: 15.06 | I21: 115.6 | J21: 5.93 | K21: 16.63 | L21: 161.54 | M21: 5.67
B22: 19.78 | C22: 73.43 | D22: 6.3 | E22: 18.18 | F22: 81.26 | G22: 6.56 | H22: 21.28 | I22: 81.99 | J22: 5.8 | K22: 18.97 | L22: 71.12 | M22: 6.46
B23: 31.52 | C23: 199.92 | D23: 4.53 | E23: 29.92 | F23: 199.42 | G23: 4.66 | H23: 29.52 | I23: 199.61 | J23: 4.63 | K23: 27.87 | L23: 183.6 | M23: 4.77
B24: 25.77 | C24: 161.83 | D24: 4.61 | E24: 22.52 | F24: 161.46 | G24: 5 | H24: 18.74 | I24: 169.35 | J24: 5.64 | K24: 19.9 | L24: 161.59 | M24: 5.49
... B48: 123.93 | C48: 200 | D48: 0.79 | E48: 110.35 | F48: 200 | G48: 0.97 | H48: 110.04 | I48: 200 | J48: 0.95 | K48: 100.4 | L48: 200 | M48: 1
A50: PROMEDIO | B50: =AVERAGE(B13:B48) -> 42.261944 | C50: =AVERAGE(C13:C48) -> 134.73139 | D50: =AVERAGE(D13:D48) -> 3.7638889 | E50: =AVERAGE(E13:E48) -> 46.173889 | F50: =AVERAGE(F13:F48) -> 142.65056 | G50: =AVERAGE(G13:G48) -> 3.6208333 | H50: =AVERAGE(H13:H48) -> 43.069444 | I50: =AVERAGE(I13:I48) -> 138.00333 | ... M50: =AVERAGE(M13:M48) -> 3.84
A51: PROMEDIO 4 | B51: =AVERAGE(B50,E50,H50,K50) -> 42.98375 | C51: =AVERAGE(C50,F50,I50,L50) -> 136.82313 | D51: =AVERAGE(D50,G50,J50,M50) -> 3.7099306
B53: San Juanito
B55: Corrida 1 | E55: Corrida 2 | H55: Corrida 3 | K55: Corrida 4
B56: Tiempos de espera | C56: Long. Cola | D56: Velocidad | E56: Tiempos de espera | F56: Long. Cola | G56: Velocidad | H56: Tiempos de espera | I56: Long. Cola | J56: Velocidad | K56: Tiempos de espera | L56: Long. Cola | M56: Velocidad
A57: principal | B57: 22.56 | C57: 87.47 | D57: 5.49 | E57: 21.72 | F57: 73.53 | G57: 5.63 | H57: 24.32 | I57: 94.85 | J57: 5.56 | K57: 21.77 | L57: 94.9 | M57: 5.56
B58: 22.08 | C58: 87.4 | D58: 6.07 | E58: 19.67 | F58: 80.09 | G58: 5.99 | H58: 18.68 | I58: 72.55 | J58: 6.22 | K58: 20.1 | L58: 87.47 | M58: 5.64
B59: 21.9 | C59: 87.82 | D59: 6.23 | E59: 18.24 | F59: 72.51 | G59: 6.75 | H59: 22.81 | I59: 87.51 | J59: 6.08 | K59: 22.58 | L59: 109.98 | M59: 6.37
B60: 34.52 | C60: 140.04 | D60: 4.54 | E60: 33.64 | F60: 117.38 | G60: 4.21 | H60: 33.32 | I60: 132.42 | J60: 4.45 | K60: 30.87 | L60: 125 | M60: 4.51
B61: 22.41 | C61: 72.47 | D61: 5.08 | E61: 21.91 | F61: 79.97 | G61: 6.06 | H61: 23.58 | I61: 79.91 | J61: 4.97 | K61: 22.54 | L61: 81.09 | M61: 5.51
B62: 30.48 | C62: 124.83 | D62: 5.15 | E62: 33.47 | F62: 132.48 | G62: 4.76 | H62: 37.07 | I62: 132.35 | J62: 4.68 | K62: 33.79 | L62: 124.91 | M62: 4.71
B63: 21.04 | C63: 79.93 | D63: 5.54 | E63: 18.37 | F63: 79.89 | G63: 6.34 | H63: 25.5 | I63: 87.46 | J63: 5.06 | K63: 23.72 | L63: 73.52 | M63: 5.75
B64: 23.54 | C64: 87.36 | D64: 5.65 | E64: 33.33 | F64: 117.79 | G64: 5.03 | H64: 28.32 | I64: 96.19 | J64: 5.29 | K64: 28.38 | L64: 96.31 | M64: 5.54
B65: 41.41 | C65: 124.89 | D65: 3.88 | E65: 44.06 | F65: 118.55 | G65: 4.18 | H65: 37.07 | I65: 124.93 | J65: 4.31 | K65: 43.04 | L65: 124.96 | M65: 4.26
B66: 27.84 | C66: 117.49 | D66: 5.3 | E66: 28.42 | F66: 102.42 | G66: 4.35 | H66: 26.67 | I66: 103.47 | J66: 5.24 | K66: 27.03 | L66: 117.38 | M66: 5.32
B67: 19.77 | C67: 88.1 | D67: 5.94 | E67: 19.18 | F67: 87.44 | G67: 6.14 | H67: 17.83 | I67: 87.4 | J67: 5.76 | K67: 18.48 | L67: 87.5 | M67: 5.69
B68: 24.81 | C68: 87.45 | D68: 5.21 | E68: 20.13 | F68: 79.95 | G68: 5.36 | H68: 17.84 | I68: 87.56 | J68: 6.16 | K68: 18.27 | L68: 87.48 | M68: 6.09
B69: 14.47 | C69: 87.5 | D69: 8.22 | E69: 14.7 | F69: 87.46 | G69: 8.22 | H69: 16.84 | I69: 102.55 | J69: 7.51 | K69: 15.38 | L69: 102.52 | M69: 7.93
... B80: 13.81 | C80: 87.5 | D80: 8.39 | E80: 13.96 | F80: 87.49 | G80: 8.02 | H80: 12.87 | I80: 87.51 | J80: 8.39 | K80: 14.06 | L80: 88.61 | M80: 7.96
A82: PROMEDIO | B82: =AVERAGE(B57:B80) -> 21.725417 | C82: =AVERAGE(C57:C80) -> 100.6725 | D82: =AVERAGE(D57:D80) -> 6.525 | E82: =AVERAGE(E57:E80) -> 21.567083 | F82: =AVERAGE(F57:F80) -> 97.098333 | G82: =AVERAGE(G57:G80) -> 6.5825 | H82: =AVERAGE(H57:H80) -> 21.69875 | I82: =AVERAGE(I57:I80) -> 100.18458 | ... M82: =AVERAGE(M57:M80) -> 6.5329167
A83: PROMEDIO 4 | B83: =AVERAGE(B82,E82,H82,K82) -> 21.654687 | C83: =AVERAGE(C82,F82,I82,L82) -> 100.41833 | D83: =AVERAGE(D82,G82,J82,M82) -> 6.5380208
A85: lateral | B85: 31.49 | C85: 57.43 | D85: 4.34 | E85: 21.4 | F85: 42.33 | G85: 6.27 | H85: 34.08 | I85: 42.27 | J85: 4.37 | K85: 32.85 | L85: 57.51 | M85: 4.44
B86: 32.92 | C86: 42.23 | D86: 4.12 | E86: 35.81 | F86: 57.36 | G86: 2.75 | H86: 39.96 | I86: 49.92 | J86: 3.67 | K86: 32.39 | L86: 49.76 | M86: 4.49
B87: 44.01 | C87: 34.61 | D87: 3.17 | E87: 48.7 | F87: 27.32 | G87: 3.66 | H87: 29.8 | I87: 12.43 | J87: 4.57 | K87: 27.56 | L87: 19.82 | M87: 3.93
B88: 13.35 | C88: 50.2 | D88: 8.87 | E88: 30.7 | F88: 58.57 | G88: 4.37 | H88: 7.68 | I88: 49.87 | J88: 10.69 | K88: 1.97 | L88: 4.6 | M88: 13.68
B89: 42.03 | C89: 57.36 | D89: 4.03 | E89: 42.07 | F89: 58.45 | G89: 3.78 | H89: 42.48 | I89: 49.88 | J89: 3.72 | K89: 47.12 | L89: 57.4 | M89: 3.59
B90: 34.16 | C90: 72.31 | D90: 4.48 | E90: 52.08 | F90: 72.98 | G90: 3.36 | H90: 35.19 | I90: 95.14 | J90: 4.78 | K90: 36.9 | L90: 72.5 | M90: 4.59
B91: 48.1 | C91: 42.73 | D91: 4.08 | E91: 43.9 | F91: 42.57 | G91: 4.13 | H91: 46.03 | I91: 34.2 | J91: 4.44 | K91: 42.67 | L91: 64.75 | M91: 3.2
B92: 17.29 | C92: 35.06 | D92: 7.72 | E92: 32.57 | F92: 57.33 | G92: 4.43 | H92: 29.39 | I92: 50.21 | J92: 4.9 | K92: 18.18 | L92: 34.86 | M92: 6.94
B93: 17.41 | C93: 42.29 | D93: 6.52 | E93: 21.93 | F93: 42.29 | G93: 5.6 | H93: 29.09 | I93: 49.86 | J93: 5.15 | K93: 27.29 | L93: 57.57 | M93: 4.7
B94: 27.94 | C94: 57.28 | D94: 4.88 | E94: 33.81 | F94: 57.46 | G94: 4.09 | H94: 47.53 | I94: 58.18 | J94: 3.33 | K94: 17.78 | L94: 42.45 | M94: 6.62
B95: 26.59 | C95: 27.31 | D95: 5.26 | E95: 19.07 | F95: 34.88 | G95: 6.41 | H95: 41.57 | I95: 42.7 | J95: 4.37 | K95: 42.68 | L95: 49.87 | M95: 3.87
B96: 20.44 | C96: 42.3 | D96: 6.18 | E96: 37.25 | F96: 64.86 | G96: 3.26 | H96: 33.71 | I96: 50.32 | J96: 4.96 | K96: 13.49 | L96: 28.26 | M96: 7.4
B97: 13.18 | C97: 57.17 | D97: 8.75 | E97: 14.82 | F97: 57.23 | G97: 8.42 | H97: 16.94 | I97: 72.33 | J97: 8.19 | K97: 12.8 | L97: 64.74 | M97: 8.19
... B108: 10.31 | C108: 49.64 | D108: 8.54 | E108: 13.89 | F108: 64.64 | G108: 8 | H108: 12.61 | I108: 49.7 | J108: 7.96 | K108: 13.1 | L108: 49.7 | M108: 8.56
A110: PROMEDIO | B110: =AVERAGE(B85:B108) -> 22.96625 | C110: =AVERAGE(C85:C108) -> 49.771667 | D110: =AVERAGE(D85:D108) -> 6.6004167 | E110: =AVERAGE(E85:E108) -> 26.517917 | F110: =AVERAGE(F85:F108) -> 54.496667 | G110: =AVERAGE(G85:G108) -> 5.9675 | H110: =AVERAGE(H85:H108) -> 26.154167 | I110: =AVERAGE(I85:I108) -> 53.045 | ... M110: =AVERAGE(M85:M108) -> 6.8058333
A111: PROMEDIO 4 | B111: =AVERAGE(B110,E110,H110,K110) -> 24.619063 | C111: =AVERAGE(C110,F110,I110,L110) -> 51.720312 | D111: =AVERAGE(D110,G110,J110,M110) -> 6.4309375
B113: Av. Ecuadron 201
B115: Corrida 1 | E115: Corrida 2 | H115: Corrida 3 | K115: Corrida 4
B116: Tiempos de espera | C116: Long. Cola | D116: Velocidad | E116: Tiempos de espera | F116: Long. Cola | G116: Velocidad | H116: Tiempos de espera | I116: Long. Cola | J116: Velocidad | K116: Tiempos de espera | L116: Long. Cola | M116: Velocidad
A117: principal | B117: 12.2 | C117: 42.42 | D117: 7.98 | E117: 13.79 | F117: 42.49 | G117: 7.13 | H117: 10.33 | I117: 42.58 | J117: 8.38 | K117: 11.63 | L117: 41.96 | M117: 8.18
B118: 30.13 | C118: 42.18 | D118: 3.64 | E118: 26.92 | F118: 42.17 | G118: 4.3 | H118: 29.48 | I118: 50.16 | J118: 3.65 | K118: 29.38 | L118: 42.44 | M118: 3.48
B119: 33.96 | C119: 34.94 | D119: 4.73 | E119: 31.59 | F119: 42.78 | G119: 5.62 | H119: 35.11 | I119: 27.46 | J119: 4.68 | K119: 29.46 | L119: 35.2 | M119: 5.91
B120: 20.84 | C120: 27.54 | D120: 5.85 | E120: 24.64 | F120: 34.97 | G120: 5.82 | H120: 23.5 | I120: 35.04 | J120: 5.8 | K120: 24.23 | L120: 34.93 | M120: 5.42
B121: 18.06 | C121: 34.87 | D121: 5.56 | E121: 21.01 | F121: 19.94 | G121: 5.94 | H121: 17.34 | I121: 34.68 | J121: 6.52 | K121: 18.8 | L121: 42.43 | M121: 4.93
B122: 23.87 | C122: 34.87 | D122: 5.41 | E122: 19.5 | F122: 27.47 | G122: 7.6 | H122: 19.77 | I122: 27.37 | J122: 7.49 | K122: 27.57 | L122: 34.95 | M122: 6.76
B123: 32.09 | C123: 42.62 | D123: 5.19 | E123: 19.89 | F123: 27.52 | G123: 6.89 | H123: 27.69 | I123: 42.72 | J123: 7.03 | K123: 22.77 | L123: 35.11 | M123: 6.66
B124: 25.75 | C124: 34.93 | D124: 6.09 | E124: 35.23 | F124: 42.61 | G124: 4.65 | H124: 24.41 | I124: 27.36 | J124: 6.02 | K124: 28.03 | L124: 42.61 | M124: 6.78
B125: 27.5 | C125: 27.31 | D125: 5.49 | E125: 27.2 | F125: 27.43 | G125: 4.51 | H125: 26.01 | I125: 27.33 | J125: 6 | K125: 33.1 | L125: 34.84 | M125: 5.32
B126: 23.57 | C126: 20.01 | D126: 5.76 | E126: 15.38 | F126: 27.46 | G126: 7.13 | H126: 27.93 | I126: 27.44 | J126: 6.2 | K126: 26.02 | L126: 27.45 | M126: 6.62
B127: 21.31 | C127: 34.83 | D127: 5.82 | E127: 19.9 | F127: 42.48 | G127: 5.05 | H127: 15.29 | I127: 34.85 | J127: 7.29 | K127: 18.88 | L127: 42.34 | M127: 4.73
B128: 40.86 | C128: 50.02 | D128: 4.22 | E128: 31.72 | F128: 34.87 | G128: 4.88 | H128: 28.9 | I128: 42.43 | J128: 4.7 | K128: 30.72 | L128: 27.55 | M128: 4.57
B129: 11.33 | C129: 50.03 | D129: 10.16 | E129: 10.62 | F129: 41.94 | G129: 10.06 | H129: 9.87 | I129: 34.96 | J129: 10.24 | K129: 8.83 | L129: 42.42 | M129: 10.27
... B140: 19.64 | C140: 49.83 | D140: 8.05 | E140: 20.76 | F140: 34.74 | G140: 7.72 | H140: 18.6 | I140: 42.27 | J140: 7.77 | K140: 16.43 | L140: 27.33 | M140: 8.43
A142: PROMEDIO | B142: =AVERAGE(B117:B140) -> 21.151667 | C142: =AVERAGE(C117:C140) -> 35.847083 | D142: =AVERAGE(D117:D140) -> 7.1708333 | E142: =AVERAGE(E117:E140) -> 21.02625 | F142: =AVERAGE(F117:F140) -> 33.667083 | G142: =AVERAGE(G117:G140) -> 7.2691667 | H142: =AVERAGE(H117:H140) -> 20.320417 | I142: =AVERAGE(I117:I140) -> 35.221667 | ... M142: =AVERAGE(M117:M140) -> 7.2616667
A143: PROMEDIO 4 | B143: =AVERAGE(B142,E142,H142,K142) -> 20.804167 | C143: =AVERAGE(C142,F142,I142,L142) -> 35.153021 | D143: =AVERAGE(D142,G142,J142,M142) -> 7.281875
A145: lateral | B145: 2.7 | C145: 13.18 | D145: 20.93 | E145: 3.64 | F145: 13.27 | G145: 19.3 | H145: 1.85 | I145: 13.32 | J145: 25.88 | K145: 4.69 | L145: 13.29 | M145: 17.99
B146: 13.59 | C146: 27.74 | D146: 7.19 | E146: 10.15 | F146: 28.56 | G146: 10.22 | H146: 5.33 | I146: 21.01 | J146: 15.77 | K146: 7.7 | L146: 21.18 | M146: 10.07
B147: 8.58 | C147: 20.86 | D147: 12.22 | E147: 8.9 | F147: 29.15 | G147: 11.85 | H147: 6.44 | I147: 20.37 | J147: 14.06 | K147: 10.96 | L147: 27.81 | M147: 10.09
B148: 10.61 | C148: 58.78 | D148: 9.67 | E148: 8.5 | F148: 44.23 | G148: 11.1 | H148: 4.86 | I148: 21.13 | J148: 16.9 | K148: 9.16 | L148: 29.08 | M148: 10.7
B149: 5.69 | C149: 20.34 | D149: 12.86 | E149: 11.41 | F149: 28.59 | G149: 9.07 | H149: 13.59 | I149: 29.1 | J149: 8.78 | K149: 16.38 | L149: 43.36 | M149: 7.45
B150: 11.29 | C150: 44.25 | D150: 9.49 | E150: 15.4 | F150: 51.22 | G150: 8.2 | H150: 9.05 | I150: 36.23 | J150: 11.31 | K150: 8.02 | L150: 28.9 | M150: 11.35
B151: 4.9 | C151: 20.89 | D151: 15.69 | E151: 5.18 | F151: 21.05 | G151: 15 | H151: 8.53 | I151: 29.27 | J151: 11.68 | K151: 5.95 | L151: 13.52 | M151: 14.44
B152: 14.41 | C152: 36.83 | D152: 8.05 | E152: 5.54 | F152: 13.32 | G152: 14.14 | H152: 10.63 | I152: 43.74 | J152: 8.84 | K152: 10.29 | L152: 36.34 | M152: 9.44
B153: 10.07 | C153: 43.65 | D153: 10.09 | E153: 5.48 | F153: 21.46 | G153: 15.32 | H153: 10.8 | I153: 37.67 | J153: 9.17 | K153: 3.63 | L153: 13.48 | M153: 17.6
B154: 10.45 | C154: 36.95 | D154: 9.82 | E154: 9.87 | F154: 29.35 | G154: 10.06 | H154: 7.79 | I154: 29.2 | J154: 13.2 | K154: 7.77 | L154: 21.06 | M154: 13.11
B155: 5.34 | C155: 21.05 | D155: 14.98 | E155: 8.15 | F155: 28.75 | G155: 11.81 | H155: 7.1 | I155: 36.42 | J155: 12.74 | K155: 7.85 | L155: 36.83 | M155: 11.44
B156: 10.69 | C156: 51.86 | D156: 10.2 | E156: 7.02 | F156: 28.67 | G156: 11.76 | H156: 10.86 | I156: 28.99 | J156: 10.17 | K156: 15.87 | L156: 44.21 | M156: 7.75
B157: 6.25 | C157: 21.28 | D157: 14.53 | E157: 7.33 | F157: 44.07 | G157: 13.2 | H157: 9.37 | I157: 36.36 | J157: 11.6 | K157: 9.36 | L157: 57.67 | M157: 12.3
... B168: 11.2 | C168: 51.43 | D168: 10.01 | E168: 15.24 | F168: 43.44 | G168: 8.38 | H168: 15.8 | I168: 58.73 | J168: 7.88 | K168: 14.49 | L168: 51.59 | M168: 8.11
A170: PROMEDIO | B170: =AVERAGE(B145:B168) -> 10.129167 | C170: =AVERAGE(C145:C168) -> 40.814583 | D170: =AVERAGE(D145:D168) -> 11.019583 | E170: =AVERAGE(E145:E168) -> 10.251667 | F170: =AVERAGE(F145:F168) -> 38.80875 | G170: =AVERAGE(G145:G168) -> 10.848333 | H170: =AVERAGE(H145:H168) -> 10.189583 | I170: =AVERAGE(I145:I168) -> 40.105 | ... M170: =AVERAGE(M145:M168) -> 10.656667
A171: PROMEDIO 4 | B171: =AVERAGE(B170,E170,H170,K170) -> 10.341979 | C171: =AVERAGE(C170,F170,I170,L170) -> 40.21125 | D171: =AVERAGE(D170,G170,J170,M170) -> 10.999375
B173: Monumento
B175: Corrida 1 | E175: Corrida 2 | H175: Corrida 3 | K175: Corrida 4
B176: Tiempos de espera | C176: Long. Cola | D176: Velocidad | E176: Tiempos de espera | F176: Long. Cola | G176: Velocidad | H176: Tiempos de espera | I176: Long. Cola | J176: Velocidad | K176: Tiempos de espera | L176: Long. Cola | M176: Velocidad
B177: 32.57 | C177: 163.91 | D177: 2.15 | E177: 40.89 | F177: 167.8 | G177: 1.51 | H177: 37.16 | I177: 163.9 | J177: 2.19 | K177: 38.31 | L177: 163.9 | M177: 1.78
B178: 43.26 | C178: 163.9 | D178: 1.44 | E178: 59.56 | F178: 177.52 | G178: 0.93 | H178: 39.24 | I178: 147 | J178: 1.54 | K178: 47.13 | L178: 168.92 | M178: 1.33
B179: 57.17 | C179: 176.45 | D179: 0.94 | E179: 68.99 | F179: 180 | G179: 0.82 | H179: 73.84 | I179: 180 | J179: 0.77 | K179: 38.89 | L179: 177.59 | M179: 1.79
...

Sheet IDA BRT
B2: Intersecciones IDA BRT
H4: Corridas | I4: Segundos | J4: Velocidad
G5: Tiempo de Viaje | H5: 1 | I5: 2302.4262 | J5: 11.80125
H6: 2 | I6: 2383 | J6: 11.28
H7: 3 | I7: 2418.56 | J7: 11.21
H8: 4 | I8: 2383 | J8: 11.15
B9: Salida Quiroga
B11: Corrida 1 | E11: Corrida 2 | H11: Corrida 3 | K11: Corrida 4
B12: Tiempos de espera | C12: Long. Cola | D12: Velocidad | E12: Tiempos de espera | F12: Long. Cola | G12: Velocidad | H12: Tiempos de espera | I12: Long. Cola | J12: Velocidad | K12: Tiempos de espera | L12: Long. Cola | M12: Velocidad
B13: 9.85 | C13: 42.28 | D13: 9.29 | E13: 11.95 | F13: 34.83 | G13: 8.43 | H13: 13.46 | I13: 57.43 | J13: 7.4 | K13: 10.56 | L13: 42.37 | M13: 8.97
B14: 11.99 | C14: 49.89 | D14: 8.1 | E14: 11.84 | F14: 42.49 | G14: 7.98 | H14: 9.83 | I14: 34.95 | J14: 9.31 | K14: 10.02 | L14: 42.42 | M14: 8.96
B15: 14.11 | C15: 50.01 | D15: 7.55 | E15: 13.42 | F15: 42.53 | G15: 7.79 | H15: 12.19 | I15: 49.83 | J15: 8.01 | K15: 13.5 | L15: 42.35 | M15: 7.85
B16: 14.6 | C16: 42.34 | D16: 7.83 | E16: 14.17 | F16: 42.35 | G16: 7.13 | H16: 7.14 | I16: 27.47 | J16: 11.81 | K16: 13.31 | L16: 42.31 | M16: 7.78
B17: 13.34 | C17: 57.32 | D17: 7.85 | E17: 11.62 | F17: 49.94 | G17: 8.6 | H17: 11.15 | I17: 42.33 | J17: 8.89 | K17: 9.81 | L17: 34.86 | M17: 9.65
B18: 12.55 | C18: 42.39 | D18: 7.88 | E18: 14.33 | F18: 57.34 | G18: 7.43 | H18: 13.46 | I18: 57.36 | J18: 7.42 | K18: 12.29 | L18: 42.49 | M18: 7.74
B19: 18.7 | C19: 57.33 | D19: 6.34 | E19: 17.91 | F19: 49.8 | G19: 6.53 | H19: 12.59 | I19: 34.84 | J19: 8.39 | K19: 13.54 | L19: 49.85 | M19: 7.77
B20: 11.34 | C20: 27.45 | D20: 8.95 | E20: 14.03 | F20: 42.45 | G20: 7.95 | H20: 13.61 | I20: 42.41 | J20: 7.98 | K20: 12.56 | L20: 42.28 | M20: 8.48
B21: 6.62 | C21: 27.44 | D21: 11.86 | E21: 9.16 | F21: 36.05 | G21: 9.79 | H21: 8.55 | I21: 42.3 | J21: 10.24 | K21: 8.23 | L21: 42.14 | M21: 10.35
B22: 13.04 | C22: 49.82 | D22: 7.85 | E22: 11.69 | F22: 42.29 | G22: 8.38 | H22: 11.74 | I22: 34.97 | J22: 8.43 | K22: 9.27 | L22: 35.04 | M22: 10.22
B23: 16.79 | C23: 49.82 | D23: 6.7 | E23: 13.25 | F23: 42.33 | G23: 8.14 | H23: 17.95 | I23: 49.81 | J23: 6.45 | K23: 16.04 | L23: 49.92 | M23: 7.06
B24: 10.64 | C24: 42.36 | D24: 9.22 | E24: 12 | F24: 34.77 | G24: 8.79 | H24: 12.3 | I24: 42.34 | J24: 8.15 | K24: 11.77 | L24: 42.25 | M24: 8.65
... B48: 14.9 | C48: 70.31 | D48: 7.56 | E48: 17.69 | F48: 80.96 | G48: 6.39 | H48: 11 | I48: 70.97 | J48: 9.2 | K48: 13.07 | L48: 59.18 | M48: 8.44
A50: PROMEDIO | B50: =AVERAGE(B13:B48) -> 14.018333 | C50: =AVERAGE(C13:C48) -> 50.563056 | D50: =AVERAGE(D13:D48) -> 7.3991667 | E50: =AVERAGE(E13:E48) -> 14.250556 | F50: =AVERAGE(F13:F48) -> 52.160833 | G50: =AVERAGE(G13:G48) -> 7.2033333 | H50: =AVERAGE(H13:H48) -> 14.094444 | I50: =AVERAGE(I13:I48) -> 50.952778 | ... M50: =AVERAGE(M13:M48) -> 7.6155556
A51: PROMEDIO 4 | B51: =AVERAGE(B50,E50,H50,K50) -> 13.875972 | C51: =AVERAGE(C50,F50,I50,L50) -> 50.439375 | D51: =AVERAGE(D50,G50,J50,M50) -> 7.4043056
B53: San Juanito
B55: Corrida 1 | E55: Corrida 2 | H55: Corrida 3 | K55: Corrida 4
B56: Tiempos de espera | C56: Long. Cola | D56: Velocidad | E56: Tiempos de espera | F56: Long. Cola | G56: Velocidad | H56: Tiempos de espera | I56: Long. Cola | J56: Velocidad | K56: Tiempos de espera | L56: Long. Cola | M56: Velocidad
A57: principal | B57: 16.34 | C57: 102.94 | D57: 7.69 | E57: 16.67 | F57: 110.25 | G57: 7.69 | H57: 16.38 | I57: 102.82 | J57: 7.69 | K57: 16.21 | L57: 102.88 | M57: 7.57
B58: 28.99 | C58: 141.1 | D58: 5.73 | E58: 29.58 | F58: 148.59 | G58: 5.87 | H58: 27.93 | I58: 132.45 | J58: 5.82 | K58: 27.15 | L58: 148.14 | M58: 5.92
B59: 32.71 | C59: 117.38 | D59: 5.5 | E59: 28.84 | F59: 118.66 | G59: 5.69 | H59: 32.72 | I59: 117.28 | J59: 5.45 | K59: 37.8 | L59: 132.27 | M59: 4.94
B60: 32.99 | C60: 117.88 | D60: 5.76 | E60: 29.67 | F60: 87.37 | G60: 6.28 | H60: 31.81 | I60: 103.15 | J60: 5.84 | K60: 36.29 | L60: 109.74 | M60: 5.47
B61: 43.64 | C61: 117.77 | D61: 4.76 | E61: 40.07 | F61: 95.17 | G61: 4.97 | H61: 44.99 | I61: 110.46 | J61: 4.28 | K61: 38.26 | L61: 87.7 | M61: 5.14
B62: 18.36 | C62: 64.7 | D62: 7.46 | E62: 19.47 | F62: 64.85 | G62: 7.34 | H62: 29.8 | I62: 80.35 | J62: 5.86 | K62: 19.58 | L62: 57.15 | M62: 7.55
B63: 26.04 | C63: 80.02 | D63: 6.05 | E63: 29.5 | F63: 80.36 | G63: 5.95 | H63: 20.82 | I63: 49.72 | J63: 7 | K63: 25.56 | L63: 72.75 | M63: 6.18
B64: 18.36 | C64: 64.7 | D64: 7.46 | E64: 18.36 | F64: 64.7 | G64: 7.46 | H64: 18.36 | I64: 64.7 | J64: 7.46 | K64: 13.55 | L64: 19.68 | M64: 8.81
B65: 18.85 | C65: 82.23 | D65: 7.94 | E65: 18.45 | F65: 95.3 | G65: 8.08 | H65: 17.93 | I65: 87.5 | J65: 7.98 | K65: 18.2 | L65: 87.81 | M65: 8.06
B66: 14.78 | C66: 102.46 | D66: 7.89 | E66: 21.41 | F66: 87.3 | G66: 6.86 | H66: 17.13 | I66: 79.75 | J66: 7.4 | K66: 17.95 | L66: 96.12 | M66: 7.62
B67: 12.96 | C67: 50.55 | D67: 8.42 | E67: 21 | F67: 96.27 | G67: 6.65 | H67: 21.9 | I67: 95.12 | J67: 6.33 | K67: 17.76 | L67: 94.97 | M67: 7.42
B68: 43.27 | C68: 163.06 | D68: 3.94 | E68: 42.07 | F68: 155.75 | G68: 3.84 | H68: 41.88 | I68: 140.54 | J68: 4.18 | K68: 37.66 | L68: 140.57 | M68: 4.05
B69: 17.21 | C69: 103.08 | D69: 7.67 | E69: 16.73 | F69: 102.45 | G69: 7.74 | H69: 16.93 | I69: 110.47 | J69: 7.8 | K69: 18.06 | L69: 103.15 | M69: 7.53
... B80: 41.88 | C80: 156.02 | D80: 4.12 | E80: 39.05 | F80: 147.85 | G80: 4.16 | H80: 39.72 | I80: 140.73 | J80: 4.2 | K80: 37.72 | L80: 140.48 | M80: 4.24
A82: PROMEDIO | B82: =AVERAGE(B57:B80) -> 25.784167 | C82: =AVERAGE(C57:C80) -> 98.585833 | D82: =AVERAGE(D57:D80) -> 6.56125 | E82: =AVERAGE(E57:E80) -> 26.410833 | F82: =AVERAGE(F57:F80) -> 98.215 | G82: =AVERAGE(G57:G80) -> 6.42125 | H82: =AVERAGE(H57:H80) -> 26.575417 | I82: =AVERAGE(I57:I80) -> 92.837083 | ... M82: =AVERAGE(M57:M80) -> 6.4704167
A83: PROMEDIO 4 | B83: =AVERAGE(B82,E82,H82,K82) -> 26.274479 | C83: =AVERAGE(C82,F82,I82,L82) -> 96.517812 | D83: =AVERAGE(D82,G82,J82,M82) -> 6.4526042
A85: lateral | B85: 12.38 | C85: 65.16 | D85: 8.35 | E85: 13.17 | F85: 72.75 | G85: 7.9 | H85: 16.71 | I85: 102.53 | J85: 7.53 | K85: 13.35 | L85: 72.33 | M85: 7.61
B86: 28.92 | C86: 109.78 | D86: 5.77 | E86: 23.72 | F86: 123.33 | G86: 6.05 | H86: 21.9 | I86: 115.98 | J86: 6.09 | K86: 25.44 | L86: 110.26 | M86: 6.06
B87: 28.14 | C87: 72.26 | D87: 5.44 | E87: 22.5 | F87: 79.76 | G87: 5.79 | H87: 27.43 | I87: 88.46 | J87: 5.36 | K87: 26.63 | L87: 79.76 | M87: 5.53
B88: 31.97 | C88: 72.38 | D88: 5.57 | E88: 27.93 | F88: 93.27 | G88: 5.83 | H88: 29.9 | I88: 85.8 | J88: 5.49 | K88: 32.99 | L88: 86.01 | M88: 5.55
B89: 31.74 | C89: 78.31 | D89: 5.45 | E89: 24.74 | F89: 55.77 | G89: 6.4 | H89: 29.88 | I89: 78.23 | J89: 5.73 | K89: 29.23 | L89: 64.97 | M89: 5.67
B90: 14.45 | C90: 32.92 | D90: 7.9 | E90: 14.72 | F90: 33.27 | G90: 8.28 | H90: 15.29 | I90: 34.91 | J90: 7.71 | K90: 24.26 | L90: 78.6 | M90: 6.2
B91: 20.3 | C91: 49.78 | D91: 6.46 | E91: 23.26 | F91: 42.26 | G91: 7.09 | H91: 16.75 | I91: 48.28 | J91: 7.4 | K91: 13.16 | L91: 40.74 | M91: 8.3
B92: 6.57 | C92: 16.5 | D92: 10.33 | E92: 7 | F92: 16.48 | G92: 10.28 | H92: 14.49 | I92: 34.74 | J92: 8.48 | K92: 6.34 | L92: 16.48 | M92: 10.28
B93: 13.81 | C93: 57.6 | D93: 8.42 | E93: 12.69 | F93: 58.55 | G93: 8.49 | H93: 14.04 | I93: 57.44 | J93: 8.62 | K93: 15.52 | L93: 72.64 | M93: 7.9
B94: 15.2 | C94: 72.31 | D94: 7.85 | E94: 16.25 | F94: 72.28 | G94: 7.81 | H94: 16.98 | I94: 64.72 | J94: 7.78 | K94: 18.97 | L94: 79.84 | M94: 7.61
B95: 15.61 | C95: 64.82 | D95: 7.34 | E95: 15.6 | F95: 57.24 | G95: 7.45 | H95: 18.06 | I95: 42.49 | J95: 7.14 | K95: 19.69 | L95: 49.9 | M95: 6.59
B96: 34.69 | C96: 102.7 | D96: 4.3 | E96: 37.25 | F96: 102.78 | G96: 4.5 | H96: 49.42 | I96: 110.38 | J96: 4.09 | K96: 34.07 | L96: 87.08 | M96: 4.52
B97: 10.47 | C97: 57.84 | D97: 8.41 | E97: 10.49 | F97: 65.11 | G97: 8.31 | H97: 12.64 | I97: 102.52 | J97: 7.67 | K97: 11.45 | L97: 72.56 | M97: 7.94
... B108: 37.02 | C108: 110.36 | D108: 4.11 | E108: 42.22 | F108: 110.7 | G108: 3.93 | H108: 45.34 | I108: 110.5 | J108: 4.15 | K108: 34.21 | L108: 88.03 | M108: 4.22
A110: PROMEDIO | B110: =AVERAGE(B85:B108) -> 20.89875 | C110: =AVERAGE(C85:C108) -> 65.790833 | D110: =AVERAGE(D85:D108) -> 6.8583333 | E110: =AVERAGE(E85:E108) -> 20.274167 | F110: =AVERAGE(F85:F108) -> 65.614583 | G110: =AVERAGE(G85:G108) -> 7.0345833 | H110: =AVERAGE(H85:H108) -> 22.06625 | I110: =AVERAGE(I85:I108) -> 70.848333 | ... M110: =AVERAGE(M85:M108) -> 6.6870833
A111: PROMEDIO 4 | B111: =AVERAGE(B110,E110,H110,K110) -> 21.234167 | C111: =AVERAGE(C110,F110,I110,L110) -> 67.794792 | D111: =AVERAGE(D110,G110,J110,M110) -> 6.818125
B113: Av. Ecuadron 201
B115: Corrida 1 | E115: Corrida 2 | H115: Corrida 3 | K115: Corrida 4
B116: Tiempos de espera | C116: Long. Cola | D116: Velocidad | E116: Tiempos de espera | F116: Long. Cola | G116: Velocidad | H116: Tiempos de espera | I116: Long. Cola | J116: Velocidad | K116: Tiempos de espera | L116: Long. Cola | M116: Velocidad
A117: principal | B117: 8.94 | C117: 95.23 | D117: 8.87 | E117: 9.23 | F117: 87.84 | G117: 9.63 | H117: 9.28 | I117: 89.25 | J117: 9.53 | K117: 7.91 | L117: 80.94 | M117: 9.55
B118: 36.11 | C118: 102.95 | D118: 4.91 | E118: 33.18 | F118: 110.62 | G118: 5.13 | H118: 30.81 | I118: 95.43 | J118: 5.74 | K118: 26.66 | L118: 95.4 | M118: 5.67
B119: 12.93 | C119: 42.39 | D119: 8.11 | E119: 10.04 | F119: 19.67 | G119: 9.44 | H119: 9.82 | I119: 27.36 | J119: 9.53 | K119: 11.86 | L119: 36.4 | M119: 8.79
B120: 32.37 | C120: 132.65 | D120: 5.56 | E120: 31.78 | F120: 193.44 | G120: 5.62 | H120: 41.11 | I120: 184.8 | J120: 4.99 | K120: 31.41 | L120: 162.3 | M120: 5.27
B121: 11.05 | C121: 27.5 | D121: 9.83 | E121: 8.52 | F121: 72.73 | G121: 10.03 | H121: 9.1 | I121: 51.6 | J121: 9.95 | K121: 11.8 | L121: 29.41 | M121: 9.24
B122: 31.33 | C122: 102.27 | D122: 5.44 | E122: 32.15 | F122: 105.13 | G122: 5.41 | H122: 32.91 | I122: 96.75 | J122: 5.32 | K122: 27 | L122: 80.24 | M122: 6.17
B123: 12.3 | C123: 57.21 | D123: 8.22 | E123: 12.01 | F123: 50.23 | G123: 8.98 | H123: 15 | I123: 94.71 | J123: 7.76 | K123: 13.74 | L123: 72.38 | M123: 8.11
B124: 25.16 | C124: 104.89 | D124: 5.92 | E124: 35.6 | F124: 118.23 | G124: 5.55 | H124: 28.3 | I124: 117.37 | J124: 5.34 | K124: 25.38 | L124: 96.6 | M124: 5.07
B125: 31.07 | C125: 94.75 | D125: 5.53 | E125: 19.37 | F125: 72.21 | G125: 7.46 | H125: 33.44 | I125: 102.25 | J125: 5.85 | K125: 28.37 | L125: 88.27 | M125: 6.63
B126: 30.09 | C126: 140.56 | D126: 5.25 | E126: 34.93 | F126: 139.98 | G126: 5.4 | H126: 35.42 | I126: 124.9 | J126: 5.14 | K126: 36.25 | L126: 133.23 | M126: 5.27
B127: 28.4 | C127: 80.35 | D127: 5.79 | E127: 28.31 | F127: 87.21 | G127: 6.16 | H127: 33.72 | I127: 117.22 | J127: 5.49 | K127: 24.22 | L127: 72.51 | M127: 6.69
B128: 27.76 | C128: 124.87 | D128: 6.09 | E128: 19.95 | F128: 117.29 | G128: 8 | H128: 27.9 | I128: 125.27 | J128: 6.84 | K128: 23.22 | L128: 109.94 | M128: 7.52
B129: 8.27 | C129: 102.62 | D129: 9.11 | E129: 7.45 | F129: 80.49 | G129: 9.94 | H129: 6.62 | I129: 89.37 | J129: 10.18 | K129: 6.91 | L129: 81.31 | M129: 10.36
... B140: 19.83 | C140: 94.91 | D140: 7.35 | E140: 20.24 | F140: 117.17 | G140: 7.69 | H140: 22.97 | I140: 117.48 | J140: 6.94 | K140: 22.18 | L140: 103.77 | M140: 7.43
A142: PROMEDIO | B142: =AVERAGE(B117:B140) -> 21.934167 | C142: =AVERAGE(C117:C140) -> 86.641667 | D142: =AVERAGE(D117:D140) -> 6.9370833 | E142: =AVERAGE(E117:E140) -> 21.035 | F142: =AVERAGE(F117:F140) -> 91.874167 | G142: =AVERAGE(G117:G140) -> 7.5279167 | H142: =AVERAGE(H117:H140) -> 23.585 | I142: =AVERAGE(I117:I140) -> 98.302917 | ... M142: =AVERAGE(M117:M140) -> 7.2145833
A143: PROMEDIO 4 | B143: =AVERAGE(B142,E142,H142,K142) -> 21.85125 | C143: =AVERAGE(C142,F142,I142,L142) -> 90.562396 | D143: =AVERAGE(D142,G142,J142,M142) -> 7.18625
A145: lateral | B145: 22.71 | C145: 64.46 | D145: 5.57 | E145: 21.9 | F145: 56.96 | G145: 5.82 | H145: 26.18 | I145: 65.16 | J145: 5.69 | K145: 23.09 | L145: 57.56 | M145: 6.34
B146: 45.15 | C146: 76.84 | D146: 3.7 | E146: 44.81 | F146: 79.43 | G146: 4.09 | H146: 37.63 | I146: 84.57 | J146: 4.21 | K146: 36.75 | L146: 72.35 | M146: 5.09
B147: 21.84 | C147: 64.46 | D147: 6.11 | E147: 21.83 | F147: 71.97 | G147: 5.71 | H147: 23.97 | I147: 56.96 | J147: 5.51 | K147: 22.96 | L147: 71.96 | M147: 5.68
B148: 41.57 | C148: 94.61 | D148: 3.7 | E148: 41.27 | F148: 94.72 | G148: 4.11 | H148: 47.99 | I148: 102.28 | J148: 3.97 | K148: 23.85 | L148: 72.18 | M148: 5.46
B149: 19.02 | C149: 72.6 | D149: 7.03 | E149: 15.93 | F149: 57.19 | G149: 7.56 | H149: 15.29 | I149: 55.89 | J149: 7.96 | K149: 22.38 | L149: 86.16 | M149: 6.4
B150: 27.55 | C150: 65.83 | D150: 4.71 | E150: 29.33 | F150: 72.17 | G150: 4.66 | H150: 35.18 | I150: 94.87 | J150: 4.46 | K150: 41.06 | L150: 72.19 | M150: 3.91
B151: 25.2 | C151: 57.16 | D151: 5.47 | E151: 25.67 | F151: 64.61 | G151: 5.09 | H151: 20.18 | I151: 49.84 | J151: 6.34 | K151: 25.83 | L151: 87.62 | M151: 5.57
B152: 51.28 | C152: 87.26 | D152: 3.63 | E152: 40.56 | F152: 72.46 | G152: 4.23 | H152: 40.34 | I152: 72.16 | J152: 3.84 | K152: 47.46 | L152: 109.61 | M152: 3.19
B153: 29.51 | C153: 66.31 | D153: 5.05 | E153: 24.2 | F153: 71.96 | G153: 5.97 | H153: 22.29 | I153: 71.96 | J153: 6.09 | K153: 23.64 | L153: 64.46 | M153: 5.71
B154: 41.07 | C154: 107.81 | D154: 4.02 | E154: 45.25 | F154: 115.58 | G154: 3.88 | H154: 37.53 | I154: 72.36 | J154: 4.5 | K154: 46.36 | L154: 106.07 | M154: 4.03
B155: 19.23 | C155: 42.24 | D155: 6.77 | E155: 22.03 | F155: 42.17 | G155: 6.83 | H155: 30.38 | I155: 64.66 | J155: 5.46 | K155: 18.83 | L155: 49.68 | M155: 7.36
B156: 43.74 | C156: 101.96 | D156: 4.02 | E156: 40.27 | F156: 75.18 | G156: 4.15 | H156: 41.91 | I156: 72.24 | J156: 4.17 | K156: 41.89 | L156: 80.16 | M156: 4.17
B157: 7.34 | C157: 36.33 | D157: 9.74 | E157: 5.35 | F157: 28.48 | G157: 10.49 | H157: 6.9 | I157: 28.95 | J157: 9.76 | K157: 5.7 | L157: 28.35 | M157: 10.31
... B168: 16.69 | C168: 85.81 | D168: 7.08 | E168: 16.3 | F168: 78.22 | G168: 6.65 | H168: 16.87 | I168: 57.26 | J168: 6.69 | K168: 17.14 | L168: 71.04 | M168: 6.96
A170: PROMEDIO | B170: =AVERAGE(B145:B168) -> 23.204167 | C170: =AVERAGE(C145:C168) -> 69.545 | D170: =AVERAGE(D145:D168) -> 6.4233333 | E170: =AVERAGE(E145:E168) -> 22.740833 | F170: =AVERAGE(F145:F168) -> 65.327917 | G170: =AVERAGE(G145:G168) -> 6.5904167 | H170: =AVERAGE(H145:H168) -> 23.18375 | I170: =AVERAGE(I145:I168) -> 65.497083 | ... M170: =AVERAGE(M145:M168) -> 6.505
A171: PROMEDIO 4 | B171: =AVERAGE(B170,E170,H170,K170) -> 23.040104 | C171: =AVERAGE(C170,F170,I170,L170) -> 67.314167 | D171: =AVERAGE(D170,G170,J170,M170) -> 6.4960417
B173: Monumento
B175: Corrida 1 | E175: Corrida 2 | H175: Corrida 3 | K175: Corrida 4
B176: Tiempos de espera | C176: Long. Cola | D176: Velocidad | E176: Tiempos de espera | F176: Long. Cola | G176: Velocidad | H176: Tiempos de espera | I176: Long. Cola | J176: Velocidad | K176: Tiempos de espera | L176: Long. Cola | M176: Velocidad
B177: 30.38 | C177: 95 | D177: 4.1 | E177: 23.38 | F177: 72.09 | G177: 4.34 | H177: 26.31 | I177: 87.15 | J177: 4.7 | K177: 31.19 | L177: 110.03 | M177: 4.53
B178: 23.49 | C178: 108.08 | D178: 4.7 | E178: 38.17 | F178: 122.91 | G178: 3.53 | H178: 26.42 | I178: 92.78 | J178: 4.46 | K178: 28.59 | L178: 100.52 | M178: 4.45
B179: 39.08 | C179: 124.62 | D179: 3.27 | E179: 43.06 | F179: 160.38 | G179: 2.96 | H179: 40.56 | I179: 154.18 | J179: 3.1 | K179: 47.53 | L179: 175.58 | M179: 2.99
...

Sheet VUELTA BRT
B2: Intersecciones VUELTA BRT
H4: Corridas | I4: Segundos | J4: Velocidad
G5: Tiempo de Viaje | H5: 1 | I5: 2321.35 | J5: 12.19
H6: 2
H7: 3
H8: 4
B9: Salida Quiroga
B11: Corrida 1 | E11: Corrida 2 | H11: Corrida 3 | K11: Corrida 4
B12: Tiempos de espera | C12: Long. Cola | D12: Velocidad | E12: Tiempos de espera | F12: Long. Cola | G12: Velocidad | H12: Tiempos de espera | I12: Long. Cola | J12: Velocidad | K12: Tiempos de espera | L12: Long. Cola | M12: Velocidad
B13: 22.32 | C13: 102.44 | D13: 6.23 | E13: 25.35 | F13: 125.48 | G13: 5.56 | H13: 26.13 | I13: 94.95 | J13: 5.61 | K13: 26.24 | L13: 110.14 | M13: 5.53
B14: 15.54 | C14: 50.23 | D14: 7.9 | E14: 16.51 | F14: 65.34 | G14: 7.61 | H14: 16.59 | I14: 65.36 | J14: 7.76 | K14: 16.13 | L14: 57.36 | M14: 7.76
B15: 14.9 | C15: 102.43 | D15: 7.92 | E15: 15.37 | F15: 87.35 | G15: 7.81 | H15: 15.67 | I15: 87.5 | J15: 7.85 | K15: 15.28 | L15: 95.6 | M15: 8.06
B16: 14.58 | C16: 72.42 | D16: 7.11 | E16: 12.6 | F16: 57.92 | G16: 8.23 | H16: 18.64 | I16: 65.66 | J16: 6.5 | K16: 16 | L16: 65.08 | M16: 7.18
B17: 20.17 | C17: 163.52 | D17: 6.26 | E17: 20.13 | F17: 147.49 | G17: 6.45 | H17: 18.93 | I17: 132.33 | J17: 6.82 | K17: 17.82 | L17: 140.04 | M17: 6.65
B18: 16.15 | C18: 102.35 | D18: 7.89 | E18: 18.06 | F18: 110.31 | G18: 7.45 | H18: 16.78 | I18: 110.58 | J18: 7.75 | K18: 17.18 | L18: 125.25 | M18: 7.59
B19: 22.57 | C19: 156.48 | D19: 5.82 | E19: 17.83 | F19: 126.62 | G19: 6.53 | H19: 18.52 | I19: 163.21 | J19: 6.59 | K19: 19.08 | L19: 170.72 | M19: 6.7
B20: 10.24 | C20: 118.19 | D20: 8.84 | E20: 8.75 | F20: 102.97 | G20: 10.12 | H20: 8.1 | I20: 110.78 | J20: 10.07 | K20: 9.36 | L20: 95.59 | M20: 9.27
B21: 11.72 | C21: 133.26 | D21: 7.78 | E21: 8.12 | F21: 102.46 | G21: 9.67 | H21: 13.2 | I21: 125.75 | J21: 6.99 | K21: 9.16 | L21: 110.65 | M21: 9.21
B22: 18.5 | C22: 95.43 | D22: 6.96 | E22: 22.24 | F22: 95.43 | G22: 6.46 | H22: 21.9 | I22: 96.64 | J22: 6.1 | K22: 17.85 | L22: 81.28 | M22: 7.29
B23: 16.96 | C23: 111.25 | D23: 7.19 | E23: 14.57 | F23: 66.41 | G23: 8.17 | H23: 15.5 | I23: 58.7 | J23: 7.85 | K23: 18 | L23: 103.64 | M23: 6.87
B24: 8.46 | C24: 72.53 | D24: 10.15 | E24: 7.32 | F24: 72.59 | G24: 10.75 | H24: 6.31 | I24: 94.99 | J24: 11.91 | K24: 8.75 | L24: 64.87 | M24: 9.96
... B48: 30.74 | C48: 118.08 | D48: 4.14 | E48: 39.33 | F48: 109.59 | G48: 3.28 | H48: 34.11 | I48: 138.98 | J48: 3.68 | K48: 19.77 | L48: 110.25 | M48: 5.87
A50: PROMEDIO | B50: =AVERAGE(B13:B48) -> 17.8475 | C50: =AVERAGE(C13:C48) -> 101.23167 | D50: =AVERAGE(D13:D48) -> 7.1013889 | E50: =AVERAGE(E13:E48) -> 17.720278 | F50: =AVERAGE(F13:F48) -> 97.472222 | G50: =AVERAGE(G13:G48) -> 7.4583333 | H50: =AVERAGE(H13:H48) -> 17.443611 | I50: =AVERAGE(I13:I48) -> 96.744722 | ... M50: =AVERAGE(M13:M48) -> 7.2361111
A51: PROMEDIO 4 | B51: =AVERAGE(B50,E50,H50,K50) -> 17.593264 | C51: =AVERAGE(C50,F50,I50,L50) -> 98.302222 | D51: =AVERAGE(D50,G50,J50,M50) -> 7.2677083
B53: San Juanito
B55: Corrida 1 | E55: Corrida 2 | H55: Corrida 3 | K55: Corrida 4
B56: Tiempos de espera | C56: Long. Cola | D56: Velocidad | E56: Tiempos de espera | F56: Long. Cola | G56: Velocidad | H56: Tiempos de espera | I56: Long. Cola | J56: Velocidad | K56: Tiempos de espera | L56: Long. Cola | M56: Velocidad
A57: principal | B57: 17.3 | C57: 72.52 | D57: 7.27 | E57: 18.26 | F57: 87.59 | G57: 7.47 | H57: 17.19 | I57: 80.09 | J57: 7.39 | K57: 16.49 | L57: 80.05 | M57: 7.45
B58: 21.7 | C58: 117.53 | D58: 6.94 | E58: 23.12 | F58: 103.98 | G58: 6.43 | H58: 16.73 | I58: 96.04 | J58: 8 | K58: 17.98 | L58: 88.48 | M58: 7.67
B59: 24.94 | C59: 119.33 | D59: 6.46 | E59: 21.89 | F59: 111.18 | G59: 6.65 | H59: 21.93 | I59: 110.12 | J59: 6.98 | K59: 22.9 | L59: 102.71 | M59: 6.92
B60: 25.9 | C60: 102.49 | D60: 5.98 | E60: 28.89 | F60: 102.49 | G60: 6.28 | H60: 29.45 | I60: 140 | J60: 5.85 | K60: 27.37 | L60: 102.49 | M60: 5.91
B61: 24.86 | C61: 117.49 | D61: 6.7 | E61: 21.11 | F61: 102.59 | G61: 7.37 | H61: 22.06 | I61: 102.57 | J61: 7.01 | K61: 23.49 | L61: 110.1 | M61: 6.7
B62: 27.08 | C62: 102.49 | D62: 6.55 | E62: 24.75 | F62: 96.06 | G62: 6.2 | H62: 28.07 | I62: 102.49 | J62: 6.03 | K62: 22.92 | L62: 95.04 | M62: 6.83
B63: 19.56 | C63: 88.8 | D63: 7.99 | E63: 23.03 | F63: 102.55 | G63: 7.29 | H63: 19.26 | I63: 88.94 | J63: 8.06 | K63: 25.26 | L63: 110.57 | M63: 6.86
B64: 29.19 | C64: 102.49 | D64: 5.92 | E64: 24.13 | F64: 118.69 | G64: 6.56 | H64: 24.31 | I64: 102.53 | J64: 6.01 | K64: 23.53 | L64: 102.68 | M64: 6.81
B65: 29.34 | C65: 109.97 | D65: 6.15 | E65: 29.72 | F65: 109.97 | G65: 5.72 | H65: 27.44 | I65: 109.97 | J65: 6.54 | K65: 26.82 | L65: 109.97 | M65: 6.02
B66: 26.66 | C66: 102.49 | D66: 5.86 | E66: 18.33 | F66: 96.12 | G66: 7.1 | H66: 19.19 | I66: 79.98 | J66: 7.33 | K66: 21.42 | L66: 102.49 | M66: 6.56
B67: 19.25 | C67: 109.97 | D67: 7.18 | E67: 16.86 | F67: 111.01 | G67: 7.37 | H67: 17.2 | I67: 117.52 | J67: 7.7 | K67: 16.25 | L67: 117.52 | M67: 7.92
B68: 15.1 | C68: 72.55 | D68: 7.86 | E68: 20.54 | F68: 95.12 | G68: 6.65 | H68: 18.5 | I68: 96.44 | J68: 7.29 | K68: 15.26 | L68: 95.18 | M68: 7.4
B69: 10.61 | C69: 64.96 | D69: 10.78 | E69: 10.23 | F69: 80.04 | G69: 10.5 | H69: 11.3 | I69: 72.49 | J69: 9.69 | K69: 10.06 | L69: 72.26 | M69: 10.87
... B80: 9.2 | C80: 72.45 | D80: 11 | E80: 13.59 | F80: 95 | G80: 9.22 | H80: 12.16 | I80: 88.63 | J80: 9.07 | K80: 11.02 | L80: 79.93 | M80: 9.85
A82: PROMEDIO | B82: =AVERAGE(B57:B80) -> 19.5 | C82: =AVERAGE(C57:C80) -> 100.16833 | D82: =AVERAGE(D57:D80) -> 7.7704167 | E82: =AVERAGE(E57:E80) -> 18.761667 | F82: =AVERAGE(F57:F80) -> 99.82625 | G82: =AVERAGE(G57:G80) -> 7.86125 | H82: =AVERAGE(H57:H80) -> 18.1875 | I82: =AVERAGE(I57:I80) -> 97.752917 | ... M82: =AVERAGE(M57:M80) -> 8.0479167
A83: PROMEDIO 4 | B83: =AVERAGE(B82,E82,H82,K82) -> 18.634062 | C83: =AVERAGE(C82,F82,I82,L82) -> 98.873333 | D83: =AVERAGE(D82,G82,J82,M82) -> 7.9078125
A85: lateral | B85: 26.18 | C85: 27.47 | D85: 5.1 | E85: 28.67 | F85: 34.75 | G85: 5.04 | H85: 40.39 | I85: 34.84 | J85: 4.49 | K85: 35.99 | L85: 42.33 | M85: 3.34
B86: 18.25 | C86: 19.95 | D86: 5.7 | E86: 28.88 | F86: 42.51 | G86: 3.31 | H86: 24.01 | I86: 34.85 | J86: 5.47 | K86: 28.6 | L86: 42.41 | M86: 4.16
B87: 3.73 | C87: 4.63 | D87: 12.83 | E87: 1.62 | F87: 4.63 | G87: 14.22 | H87: 2.92 | I87: 4.63 | J87: 13.42 | K87: 5.06 | L87: 19.82 | M87: 11.96
B88: 17.87 | C88: 19.84 | D88: 6.18 | E88: 13.91 | F88: 34.91 | G88: 7.83 | H88: 26.57 | I88: 42.35 | J88: 4.78 | K88: 29.21 | L88: 49.81 | M88: 4.8
B89: 40.68 | C89: 72.38 | D89: 3.87 | E89: 42.4 | F89: 64.84 | G89: 4.18 | H89: 42.78 | I89: 72.39 | J89: 4.24 | K89: 40.02 | L89: 79.86 | M89: 3.82
B90: 47.85 | C90: 79.95 | D90: 3.2 | E90: 41.75 | F90: 72.48 | G90: 4.59 | H90: 39.51 | I90: 79.99 | J90: 4.26 | K90: 33.33 | L90: 78.35 | M90: 4.72
B91: 16.98 | C91: 40.31 | D91: 8.21 | E91: 29.22 | F91: 63.3 | G91: 6.36 | H91: 23.77 | I91: 57.32 | J91: 6.03 | K91: 31.11 | L91: 79.96 | M91: 4.87
B92: 26.89 | C92: 49.94 | D92: 4.45 | E92: 36.49 | F92: 57.48 | G92: 4.09 | H92: 29.22 | I92: 63.36 | J92: 4.46 | K92: 43.98 | L92: 42.3 | M92: 4.04
B93: 31.09 | C93: 57.27 | D93: 5.09 | E93: 31.83 | F93: 49.92 | G93: 4.39 | H93: 39.56 | I93: 72.37 | J93: 3.97 | K93: 30.91 | L93: 64.92 | M93: 4.89
B94: 37.03 | C94: 34.85 | D94: 3.83 | E94: 41.91 | F94: 54.23 | G94: 3.73 | H94: 37.43 | I94: 42.37 | J94: 3.95 | K94: 32.1 | L94: 49.81 | M94: 5.12
B95: 32.55 | C95: 34.95 | D95: 4.96 | E95: 24.73 | F95: 34.83 | G95: 6.16 | H95: 13.61 | I95: 19.85 | J95: 7.47 | K95: 20.57 | L95: 27.3 | M95: 4.78
B96: 13.81 | C96: 42.41 | D96: 6.43 | E96: 14.48 | F96: 42.4 | G96: 6.23 | H96: 13.55 | I96: 42.41 | J96: 7.65 | K96: 11.24 | L96: 28.49 | M96: 6.65
B97: 16.84 | C97: 34.87 | D97: 8.2 | E97: 18.57 | F97: 34.89 | G97: 7.74 | H97: 15.18 | I97: 27.49 | J97: 8.06 | K97: 19.19 | L97: 42.38 | M97: 7.62
... B108: 7.43 | C108: 47.92 | D108: 10.29 | E108: 8.96 | F108: 48.09 | G108: 9.68 | H108: 9.31 | I108: 50.07 | J108: 9.75 | K108: 7.79 | L108: 41.83 | M108: 10.39
A110: PROMEDIO | B110: =AVERAGE(B85:B108) -> 21.30125 | C110: =AVERAGE(C85:C108) -> 43.935 | D110: =AVERAGE(D85:D108) -> 7.17875 | E110: =AVERAGE(E85:E108) -> 22.81875 | F110: =AVERAGE(F85:F108) -> 48.509583 | G110: =AVERAGE(G85:G108) -> 7.1429167 | H110: =AVERAGE(H85:H108) -> 22.39 | I110: =AVERAGE(I85:I108) -> 48.982083 | ... M110: =AVERAGE(M85:M108) -> 6.7695833
A111: PROMEDIO 4 | B111: =AVERAGE(B110,E110,H110,K110) -> 22.355729 | C111: =AVERAGE(C110,F110,I110,L110) -> 48.239271 | D111: =AVERAGE(D110,G110,J110,M110) -> 7.05875
B113: Av. Ecuadron 201
B115: Corrida 1 | E115: Corrida 2 | H115: Corrida 3 | K115: Corrida 4
B116: Tiempos de espera | C116: Long. Cola | D116: Velocidad | E116: Tiempos de espera | F116: Long. Cola | G116: Velocidad | H116: Tiempos de espera | I116: Long. Cola | J116: Velocidad | K116: Tiempos de espera | L116: Long. Cola | M116: Velocidad
A117: principal | B117: 10.45 | C117: 27.51 | D117: 10.14 | E117: 11.27 | F117: 34.95 | G117: 10.03 | H117: 10.88 | I117: 36.41 | J117: 10.14 | K117: 10.67 | L117: 34.98 | M117: 10.34
B118: 22.14 | C118: 42.69 | D118: 6.99 | E118: 19.26 | F118: 42.48 | G118: 7.27 | H118: 22.89 | I118: 35.02 | J118: 6.97 | K118: 21.01 | L118: 42.45 | M118: 7.04
B119: 23.5 | C119: 35.01 | D119: 7.74 | E119: 26.79 | F119: 34.91 | G119: 7.11 | H119: 22.67 | I119: 34.96 | J119: 7.96 | K119: 25.12 | L119: 34.98 | M119: 7.34
B120: 12.89 | C120: 42.31 | D120: 9.73 | E120: 14.58 | F120: 42.61 | G120: 9.55 | H120: 15.89 | I120: 35.08 | J120: 9.13 | K120: 13.57 | L120: 34.83 | M120: 9.62
B121: 13 | C121: 42.23 | D121: 8.76 | E121: 10.98 | F121: 42.17 | G121: 9.54 | H121: 13.77 | I121: 34.62 | J121: 8.5 | K121: 13.39 | L121: 34.64 | M121: 9.02
B122: 21.3 | C122: 42.51 | D122: 7.97 | E122: 17.04 | F122: 35.15 | G122: 8.8 | H122: 16.54 | I122: 42.6 | J122: 8.91 | K122: 21.63 | L122: 42.54 | M122: 7.92
B123: 17.08 | C123: 34.9 | D123: 9.05 | E123: 18.51 | F123: 42.5 | G123: 8.66 | H123: 17.11 | I123: 42.39 | J123: 8.53 | K123: 19.46 | L123: 42.46 | M123: 8.59
B124: 19.33 | C124: 42.5 | D124: 8.53 | E124: 21.69 | F124: 42.48 | G124: 8.15 | H124: 19.19 | I124: 35.01 | J124: 8.31 | K124: 17.67 | L124: 34.91 | M124: 8.51
B125: 17.02 | C125: 20 | D125: 8.66 | E125: 19.94 | F125: 27.38 | G125: 7.72 | H125: 20.17 | I125: 27.56 | J125: 7.64 | K125: 18.24 | L125: 19.9 | M125: 8.21
B126: 15.1 | C126: 34.84 | D126: 9.66 | E126: 14.1 | F126: 27.36 | G126: 9.85 | H126: 16.02 | I126: 34.74 | J126: 9.49 | K126: 12.33 | L126: 34.86 | M126: 10.1
B127: 12.78 | C127: 34.93 | D127: 9.42 | E127: 16.87 | F127: 42.26 | G127: 8.5 | H127: 16.11 | I127: 42.32 | J127: 8.69 | K127: 15.44 | L127: 42.31 | M127: 8.76
B128: 21.49 | C128: 34.85 | D128: 7.6 | E128: 19.46 | F128: 42.48 | G128: 7.87 | H128: 18.68 | I128: 34.95 | J128: 8.26 | K128: 25.75 | L128: 42.3 | M128: 6.88
B129: 10.99 | C129: 19.99 | D129: 9.72 | E129: 12.88 | F129: 27.49 | G129: 8.43 | H129: 8.62 | I129: 28.72 | J129: 9.62 | K129: 8.93 | L129: 27.42 | M129: 9.22
... B140: 35.35 | C140: 34.84 | D140: 4.96 | E140: 28.74 | F140: 42.33 | G140: 5.09 | H140: 30.92 | I140: 34.91 | J140: 4.09 | K140: 32.6 | L140: 34.83 | M140: 4.97
A142: PROMEDIO | B142: =AVERAGE(B117:B140) -> 21.05 | C142: =AVERAGE(C117:C140) -> 34.968333 | D142: =AVERAGE(D117:D140) -> 7.26375 | E142: =AVERAGE(E117:E140) -> 20.525 | F142: =AVERAGE(F117:F140) -> 35.91625 | G142: =AVERAGE(G117:G140) -> 7.39125 | H142: =AVERAGE(H117:H140) -> 20.1175 | I142: =AVERAGE(I117:I140) -> 35.040417 | ... M142: =AVERAGE(M117:M140) -> 7.2325
A143: PROMEDIO 4 | B143: =AVERAGE(B142,E142,H142,K142) -> 20.544479 | C143: =AVERAGE(C142,F142,I142,L142) -> 35.130104 | D143: =AVERAGE(D142,G142,J142,M142) -> 7.3109375
B145: Monumento
B147: Corrida 1 | E147: Corrida 2 | H147: Corrida 3 | K147: Corrida 4
B148: Tiempos de espera | C148: Long. Cola | D148: Velocidad | E148: Tiempos de espera | F148: Long. Cola | G148: Velocidad | H148: Tiempos de espera | I148: Long. Cola | J148: Velocidad | K148: Tiempos de espera | L148: Long. Cola | M148: Velocidad
B149: 27.01 | C149: 102.3 | D149: 3.7 | E149: 32.27 | F149: 109.95 | G149: 3.22 | H149: 28.75 | I149: 102.33 | J149: 3.34 | K149: 30.89 | L149: 102.34 | M149: 3.23
B150: 34.17 | C150: 124.82 | D150: 2.73 | E150: 37.17 | F150: 123.44 | G150: 2.57 | H150: 31.88 | I150: 110.02 | J150: 2.95 | K150: 36.49 | L150: 124.8 | M150: 2.63
B151: 34.93 | C151: 146.1 | D151: 2.74 | E151: 36.38 | F151: 147.86 | G151: 2.78 | H151: 42.44 | I151: 138.27 | J151: 2.27 | K151: 37.3 | L151: 153.55 | M151: 2.56
B152: 39.98 | C152: 132.83 | D152: 2.4 | E152: 38.82 | F152: 131.02 | G152: 2.37 | H152: 38 | I152: 123.5 | J152: 2.44 | K152: 41.3 | L152: 132.84 | M152: 2.42
B153: 41.55 | C153: 168.23 | D153: 2.39 | E153: 33.21 | F153: 124.93 | G153: 2.76 | H153: 36.22 | I153: 145.79 | J153: 2.63 | K153: 37.99 | L153: 124.7 | M153: 2.52
B154: 32.95 | C154: 174.27 | D154: 3.04 | E154: 30.82 | F154: 132.07 | G154: 3.05 | H154: 28.41 | I154: 123.39 | J154: 3.32 | K154: 33.23 | L154: 155.48 | M154: 2.95
B155: 32.25 | C155: 131.17 | D155: 2.9 | E155: 28.31 | F155: 125.24 | G155: 3.23 | H155: 30.93 | I155: 138.07 | J155: 2.82 | K155: 28.27 | L155: 122.69 | M155: 3.16
B156: 29.52 | C156: 167.6 | D156: 2.98 | E156: 32.71 | F156: 166.67 | G156: 2.84 | H156: 34.51 | I156: 137.83 | J156: 2.65 | K156: 30.01 | L156: 138.49 | M156: 3.02
B157: 38.07 | C157: 132.92 | D157: 2.47 | E157: 40.4 | F157: 132.56 | G157: 2.25 | H157: 34.06 | I157: 132.45 | J157: 2.82 | K157: 39.84 | L157: 125.26 | M157: 2.4
B158: 43.41 | C158: 138.6 | D158: 2.32 | E158: 42.21 | F158: 131.02 | G158: 2.45 | H158: 38.73 | I158: 109.98 | J158: 2.55 | K158: 51.53 | L158: 153.61 | M158: 1.91
B159: 47.49 | C159: 139.9 | D159: 2.19 | E159: 37.15 | F159: 123.59 | G159: 2.89 | H159: 32.06 | I159: 138.19 | J159: 3.46 | K159: 38.38 | L159: 123.58 | M159: 2.68
B160: 38.77 | C160: 138.5 | D160: 2.68 | E160: 38.25 | F160: 145.87 | G160: 2.95 | H160: 40.63 | I160: 145.91 | J160: 2.72 | K160: 41.75 | L160: 145.76 | M160: 2.66
... B184: 45.18 | C184: 109.74 | D184: 2.86 | E184: 45.98 | F184: 109.82 | G184: 2.83 | H184: 47.85 | I184: 111 | J184: 2.68 | K184: 50.24 | L184: 110.01 | M184: 2.7
A186: PROMEDIO | B186: =AVERAGE(B149:B184) -> 33.333056 | C186: =AVERAGE(C149:C184) -> 112.75194 | D186: =AVERAGE(D149:D184) -> 3.0077778 | E186: =AVERAGE(E149:E184) -> 33.040556 | F186: =AVERAGE(F149:F184) -> 108.705 | G186: =AVERAGE(G149:G184) -> 3.0408333 | H186: =AVERAGE(H149:H184) -> 32.7275 | I186: =AVERAGE(I149:I184) -> 108.31833 | ... M186: =AVERAGE(M149:M184) -> 2.9941667
A187: PROMEDIO 4 | B187: =AVERAGE(B186,E186,H186,K186) -> 33.20375 | C187: =AVERAGE(C186,F186,I186,L186) -> 109.93215 | D187: =AVERAGE(D186,G186,J186,M186) -> 3.0236111
B189: Pozarica
B191: Corrida 1 | E191: Corrida 2 | H191: Corrida 3 | K191: Corrida 4
B192: Tiempos de espera | C192: Long. Cola | D192: Velocidad | E192: Tiempos de espera | F192: Long. Cola | G192: Velocidad | H192: Tiempos de espera | I192: Long. Cola | J192: Velocidad | K192: Tiempos de espera | L192: Long. Cola | M192: Velocidad
B193: 8.06 | C193: 16.4 | D193: 8.34 | E193: 11.18 | F193: 20.24 | G193: 7.06 | H193: 5.97 | I193: 8.9 | J193: 9.53 | K193: 14.71 | L193: 35.73 | M193: 6.68
...

Sheet IDA BRT TRANS
B2: Intersecciones IDA BRT TRANS
H4: Corridas | I4: Segundos | J4: Velocidad
G5: Tiempo de Viaje | H5: 1
H6: 2
H7: 3
H8: 4
B9: Salida Quiroga
B11: Corrida 1 | E11: Corrida 2 | H11: Corrida 3 | K11: Corrida 4
B12: Tiempos de espera | C12: Long. Cola | D12: Velocidad | E12: Tiempos de espera | F12: Long. Cola | G12: Velocidad | H12: Tiempos de espera | I12: Long. Cola | J12: Velocidad | K12: Tiempos de espera | L12: Long. Cola | M12: Velocidad
B13: 11.12 | C13: 42.42 | D13: 8.85 | E13: 11.57 | F13: 49.9 | G13: 8.73 | H13: 10.05 | I13: 34.85 | J13: 9.86 | K13: 11.66 | L13: 41.33 | M13: 8.36
B14: 12.27 | C14: 57.45 | D14: 8.09 | E14: 9.96 | F14: 42.47 | G14: 8.66 | H14: 10.73 | I14: 49.9 | J14: 8.89 | K14: 10.4 | L14: 34.92 | M14: 8.8
B15: 12.27 | C15: 49.87 | D15: 8.41 | E15: 11.35 | F15: 42.34 | G15: 8.77 | H15: 13.54 | I15: 43.81 | J15: 7.6 | K15: 16.12 | L15: 42.52 | M15: 7.19
B16: 12.81 | C16: 41.29 | D16: 7.99 | E16: 13.99 | F16: 48.8 | G16: 7.45 | H16: 13.24 | I16: 42.53 | J16: 7.9 | K16: 13.29 | L16: 42.44 | M16: 7.71
B17: 7.83 | C17: 34.77 | D17: 11 | E17: 10.53 | F17: 49.94 | G17: 9.3 | H17: 10 | I17: 43.55 | J17: 8.79 | K17: 10.87 | L17: 34.79 | M17: 11.22
B18: 8.81 | C18: 34.86 | D18: 9.97 | E18: 10.18 | F18: 42.4 | G18: 8.77 | H18: 15.15 | I18: 57.45 | J18: 6.5 | K18: 11.72 | L18: 57.42 | M18: 8.24
B19: 12.49 | C19: 42.28 | D19: 8.45 | E19: 15.19 | F19: 49.36 | G19: 7.43 | H19: 13.53 | I19: 42.44 | J19: 7.82 | K19: 11.51 | L19: 42.39 | M19: 8.99
B20: 11.19 | C20: 41.3 | D20: 8.77 | E20: 11.87 | F20: 49.91 | G20: 8.04 | H20: 13.93 | I20: 42.27 | J20: 7.5 | K20: 13.13 | L20: 42.35 | M20: 8.19
B21: 13.95 | C21: 34.63 | D21: 5.83 | E21: 13.66 | F21: 57.39 | G21: 9.72 | H21: 8.26 | I21: 42.33 | J21: 5.83 | K21: 10.33 | L21: 42.36 | M21: 5.83
B22: 13.31 | C22: 35.89 | D22: 7.85 | E22: 10.03 | F22: 34.93 | G22: 9.43 | H22: 13.83 | I22: 49.87 | J22: 7.51 | K22: 11.82 | L22: 43.62 | M22: 8.15
B23: 14.23 | C23: 43.12 | D23: 7.64 | E23: 15.7 | F23: 49.94 | G23: 7.11 | H23: 14.31 | I23: 42.35 | J23: 7.75 | K23: 14.65 | L23: 42.37 | M23: 7.5
B24: 9.74 | C24: 42.36 | D24: 9.69 | E24: 10.15 | F24: 42.33 | G24: 9.02 | H24: 10.21 | I24: 34.87 | J24: 9.75 | K24: 12.87 | L24: 42.26 | M24: 7.83
... B48: 11.63 | C48: 42.2 | D48: 8.87 | E48: 13.72 | F48: 49.64 | G48: 7.72 | H48: 15.88 | I48: 93.07 | J48: 7.08 | K48: 14.71 | L48: 57.33 | M48: 7.62
A50: PROMEDIO | B50: =AVERAGE(B13:B48) -> 13.989167 | C50: =AVERAGE(C13:C48) -> 49.872222 | D50: =AVERAGE(D13:D48) -> 7.375 | E50: =AVERAGE(E13:E48) -> 13.816111 | F50: =AVERAGE(F13:F48) -> 51.581667 | G50: =AVERAGE(G13:G48) -> 7.5075 | H50: =AVERAGE(H13:H48) -> 13.938333 | I50: =AVERAGE(I13:I48) -> 49.674722 | ... M50: =AVERAGE(M13:M48) -> 7.3905556
A51: PROMEDIO 4 | B51: =AVERAGE(B50,E50,H50,K50) -> 13.903889 | C51: =AVERAGE(C50,F50,I50,L50) -> 50.128542 | D51: =AVERAGE(D50,G50,J50,M50) -> 7.3726389
B53: San Juanito
B55: Corrida 1 | E55: Corrida 2 | H55: Corrida 3 | K55: Corrida 4
B56: Tiempos de espera | C56: Long. Cola | D56: Velocidad | E56: Tiempos de espera | F56: Long. Cola | G56: Velocidad | H56: Tiempos de espera | I56: Long. Cola | J56: Velocidad | K56: Tiempos de espera | L56: Long. Cola | M56: Velocidad
A57: principal | B57: 17.38 | C57: 110.07 | D57: 7.44 | E57: 17.32 | F57: 117.89 | G57: 7.6 | H57: 16.18 | I57: 95.18 | J57: 7.86 | K57: 17.03 | L57: 111.67 | M57: 7.4
B58: 28.96 | C58: 140.35 | D58: 5.59 | E58: 25.44 | F58: 132.76 | G58: 5.86 | H58: 27.91 | I58: 132.84 | J58: 5.89 | K58: 27.15 | L58: 140.18 | M58: 5.69
B59: 28.33 | C59: 117.25 | D59: 5.93 | E59: 30.32 | F59: 96.25 | G59: 5.68 | H59: 34.3 | I59: 147.64 | J59: 5.01 | K59: 29.47 | L59: 147.27 | M59: 5.71
B60: 38.49 | C60: 132.55 | D60: 5.09 | E60: 32.04 | F60: 94.98 | G60: 5.75 | H60: 33.4 | I60: 102.96 | J60: 5.78 | K60: 36.1 | L60: 102.34 | M60: 5.19
B61: 42.86 | C61: 125.49 | D61: 5.01 | E61: 38.51 | F61: 95.75 | G61: 5.23 | H61: 40.61 | I61: 86.55 | J61: 4.73 | K61: 42.72 | L61: 103.45 | M61: 4.78
B62: 27.15 | C62: 94.83 | D62: 6.03 | E62: 27.25 | F62: 80.14 | G62: 5.84 | H62: 18.81 | I62: 42.19 | J62: 6.96 | K62: 17.37 | L62: 42.19 | M62: 7.88
B63: 24.05 | C63: 64.84 | D63: 6.51 | E63: 34.85 | F63: 72.76 | G63: 6.4 | H63: 24.82 | I63: 57.36 | J63: 5.83 | K63: 23.19 | L63: 50.11 | M63: 6.25
B64: 13.47 | C64: 27.22 | D64: 8.9 | E64: 28.67 | F64: 19.73 | G64: 9.93 | H64: 28.67 | I64: 34.67 | J64: 9.63 | K64: 7.99 | L64: 20.64 | M64: 9.96
B65: 19.45 | C65: 96.25 | D65: 7.75 | E65: 19.19 | F65: 88.64 | G65: 7.91 | H65: 18.43 | I65: 103.84 | J65: 7.73 | K65: 19.36 | L65: 103.84 | M65: 7.9
B66: 17.26 | C66: 94.67 | D66: 7.57 | E66: 13.41 | F66: 72.7 | G66: 8.18 | H66: 17.77 | I66: 103.08 | J66: 7.69 | K66: 20.95 | L66: 117.23 | M66: 6.65
B67: 19.43 | C67: 109.86 | D67: 6.75 | E67: 17.32 | F67: 79.99 | G67: 7.36 | H67: 20.31 | I67: 124.84 | J67: 7.09 | K67: 27.45 | L67: 124.84 | M67: 6.31
B68: 36.47 | C68: 147.78 | D68: 4.08 | E68: 37.18 | F68: 155.53 | G68: 4.17 | H68: 38.11 | I68: 109.66 | J68: 4.3 | K68: 46.57 | L68: 124.82 | M68: 4.16
B69: 17.47 | C69: 110.45 | D69: 7.68 | E69: 17.05 | F69: 118.28 | G69: 7.65 | H69: 18.12 | I69: 95.22 | J69: 7.54 | K69: 18.21 | L69: 125.07 | M69: 7.4
... B80: 36.47 | C80: 154.84 | D80: 4.11 | E80: 37.47 | F80: 155.73 | G80: 4.16 | H80: 39.16 | I80: 102.83 | J80: 4.45 | K80: 44.96 | L80: 125.56 | M80: 4.36
A82: PROMEDIO | B82: =AVERAGE(B57:B80) -> 25.878333 | C82: =AVERAGE(C57:C80) -> 104.18125 | D82: =AVERAGE(D57:D80) -> 6.4304167 | E82: =AVERAGE(E57:E80) -> 27.4625 | F82: =AVERAGE(F57:F80) -> 92.830833 | G82: =AVERAGE(G57:G80) -> 6.625 | H82: =AVERAGE(H57:H80) -> 27.101667 | I82: =AVERAGE(I57:I80) -> 92.25625 | ... M82: =AVERAGE(M57:M80) -> 6.5975
A83: PROMEDIO 4 | B83: =AVERAGE(B82,E82,H82,K82) -> 26.705 | C83: =AVERAGE(C82,F82,I82,L82) -> 97.065104 | D83: =AVERAGE(D82,G82,J82,M82) -> 6.5675
A85: lateral | B85: 14.62 | C85: 87.95 | D85: 7.72 | E85: 12.74 | F85: 65 | G85: 8.19 | H85: 12.09 | I85: 64.81 | J85: 8.47 | K85: 13.64 | L85: 72.53 | M85: 7.91
B86: 21.22 | C86: 108.32 | D86: 6.28 | E86: 24.01 | F86: 108.2 | G86: 6.08 | H86: 26.9 | I86: 114.22 | J86: 5.8 | K86: 23.27 | L86: 123.41 | M86: 6.16
B87: 25.75 | C87: 79.86 | D87: 5.38 | E87: 29.79 | F87: 87.26 | G87: 5.17 | H87: 25.83 | I87: 87.32 | J87: 5.45 | K87: 32.13 | L87: 79.85 | M87: 4.77
B88: 30.88 | C88: 72.27 | D88: 5.66 | E88: 39.99 | F88: 102.29 | G88: 5.07 | H88: 28.86 | I88: 72.3 | J88: 5.95 | K88: 28.4 | L88: 79.76 | M88: 6.11
B89: 31.59 | C89: 93.5 | D89: 5.3 | E89: 23.51 | F89: 63.52 | G89: 6.57 | H89: 29.13 | I89: 57.28 | J89: 5.31 | K89: 24.93 | L89: 57.39 | M89: 5.59
B90: 17.93 | C90: 33.38 | D90: 7.3 | E90: 22.8 | F90: 48.05 | G90: 6.56 | H90: 17.44 | I90: 34.64 | J90: 7.16 | K90: 13.71 | L90: 33.36 | M90: 8.59
B91: 18.64 | C91: 34.81 | D91: 7.03 | E91: 13.5 | F91: 27.42 | G91: 7.79 | H91: 18.15 | I91: 34.89 | J91: 7.58 | K91: 12.13 | L91: 33.26 | M91: 8.6
B92: 11.29 | C92: 27.34 | D92: 9.16 | E92: 12.4 | F92: 29.78 | G92: 8.82 | H92: 7.11 | I92: 19.71 | J92: 10.29 | K92: 7.13 | L92: 46.55 | M92: 10.06
B93: 14.62 | C93: 58.55 | D93: 8.18 | E93: 14.69 | F93: 64.87 | G93: 8.55 | H93: 16.03 | I93: 75.41 | J93: 8.46 | K93: 16.31 | L93: 73.62 | M93: 8.01
B94: 18.57 | C94: 80.09 | D94: 7.14 | E94: 12.7 | F94: 64.77 | G94: 8.4 | H94: 17.47 | I94: 64.97 | J94: 7.67 | K94: 12.22 | L94: 49.82 | M94: 8.34
B95: 18.13 | C95: 49.85 | D95: 7.4 | E95: 17.33 | F95: 57.32 | G95: 7.23 | H95: 19.24 | I95: 79.78 | J95: 6.77 | K95: 19.59 | L95: 87.9 | M95: 6.56
B96: 42.15 | C96: 108.25 | D96: 4.22 | E96: 34.5 | F96: 87.32 | G96: 4.66 | H96: 35.23 | I96: 72.3 | J96: 4.47 | K96: 44.08 | L96: 102.78 | M96: 4.09
B97: 11.96 | C97: 80.7 | D97: 8.15 | E97: 10.69 | F97: 65.2 | G97: 8.48 | H97: 11.2 | I97: 65.08 | J97: 8.37 | K97: 11.34 | L97: 72.43 | M97: 7.9
... B108: 37.8 | C108: 108.45 | D108: 4.43 | E108: 33.24 | F108: 79.81 | G108: 4.15 | H108: 36.15 | I108: 102.94 | J108: 4.08 | K108: 34.21 | L108: 99.22 | M108: 4.61
A110: PROMEDIO | B110: =AVERAGE(B85:B108) -> 22.490417 | C110: =AVERAGE(C85:C108) -> 68.724583 | D110: =AVERAGE(D85:D108) -> 6.4920833 | E110: =AVERAGE(E85:E108) -> 20.872917 | F110: =AVERAGE(F85:F108) -> 66.555417 | G110: =AVERAGE(G85:G108) -> 6.8179167 | H110: =AVERAGE(H85:H108) -> 20.770417 | I110: =AVERAGE(I85:I108) -> 67.775 | ... M110: =AVERAGE(M85:M108) -> 7.0175
A111: PROMEDIO 4 | B111: =AVERAGE(B110,E110,H110,K110) -> 21.031875 | C111: =AVERAGE(C110,F110,I110,L110) -> 67.517813 | D111: =AVERAGE(D110,G110,J110,M110) -> 6.8123958
B113: Av. Ecuadron 201
B115: Corrida 1 | E115: Corrida 2 | H115: Corrida 3 | K115: Corrida 4
B116: Tiempos de espera | C116: Long. Cola | D116: Velocidad | E116: Tiempos de espera | F116: Long. Cola | G116: Velocidad | H116: Tiempos de espera | I116: Long. Cola | J116: Velocidad | K116: Tiempos de espera | L116: Long. Cola | M116: Velocidad
A117: principal | B117: 6.68 | C117: 64.81 | D117: 9.71 | E117: 9.43 | F117: 94.95 | G117: 9.65 | H117: 9.99 | I117: 80.36 | J117: 9.83 | K117: 9.48 | L117: 57.86 | M117: 9.43
B118: 30.82 | C118: 110.73 | D118: 5.31 | E118: 33.6 | F118: 117.97 | G118: 5.06 | H118: 27.15 | I118: 95.49 | J118: 5.34 | K118: 31.6 | L118: 124.87 | M118: 5.31
B119: 10.62 | C119: 29.44 | D119: 9.42 | E119: 8.32 | F119: 13.45 | G119: 10.11 | H119: 12.74 | I119: 42.68 | J119: 7.29 | K119: 11.51 | L119: 19.84 | M119: 9.02
B120: 38.23 | C120: 185.01 | D120: 5.06 | E120: 31.59 | F120: 102.89 | G120: 5.53 | H120: 39.41 | I120: 184.7 | J120: 5.16 | K120: 56.66 | L120: 207.44 | M120: 4.13
B121: 17.01 | C121: 58.53 | D121: 7.69 | E121: 9.75 | F121: 42.44 | G121: 7.69 | H121: 8.35 | I121: 67.3 | J121: 7.69 | K121: 10.3 | L121: 60.24 | M121: 7.69
B122: 24.84 | C122: 89.83 | D122: 6.18 | E122: 29.2 | F122: 94.7 | G122: 5.83 | H122: 27.44 | I122: 87.68 | J122: 5.8 | K122: 26.96 | L122: 87.31 | M122: 5.93
B123: 15.83 | C123: 139.84 | D123: 7.04 | E123: 12.15 | F123: 58.16 | G123: 8.16 | H123: 8.98 | I123: 87.19 | J123: 8.98 | K123: 11.75 | L123: 57.14 | M123: 8.47
B124: 29.25 | C124: 147.2 | D124: 4.89 | E124: 25.02 | F124: 125.67 | G124: 5.7 | H124: 29.79 | I124: 109.93 | J124: 5.28 | K124: 23.85 | L124: 95.45 | M124: 5.86
B125: 23.75 | C125: 87.32 | D125: 6.93 | E125: 25.69 | F125: 72.17 | G125: 6.42 | H125: 22.87 | I125: 73.38 | J125: 7 | K125: 23.72 | L125: 79.76 | M125: 6.09
B126: 35.18 | C126: 117.39 | D126: 5.18 | E126: 36.47 | F126: 132.81 | G126: 5.26 | H126: 40.52 | I126: 133.06 | J126: 5.04 | K126: 33.9 | L126: 141.25 | M126: 5.23
B127: 29.25 | C127: 110.7 | D127: 6.42 | E127: 29.29 | F127: 87.58 | G127: 6.42 | H127: 23.48 | I127: 72.84 | J127: 6.42 | K127: 13.22 | L127: 34.92 | M127: 6.42
B128: 14.77 | C128: 57.28 | D128: 7.89 | E128: 32.46 | F128: 126.36 | G128: 5.71 | H128: 19.35 | I128: 87.26 | J128: 7.3 | K128: 28.82 | L128: 148.05 | M128: 6.44
B129: 15.83 | C129: 87.32 | D129: 10.4 | E129: 15.83 | F129: 87.75 | G129: 10.27 | H129: 15.83 | I129: 72.38 | J129: 10.17 | K129: 15.83 | L129: 87.32 | M129: 10.68
... B140: 11.78 | C140: 43.53 | D140: 8.71 | E140: 25.77 | F140: 125.23 | G140: 6.86 | H140: 19.75 | I140: 88.68 | J140: 7.56 | K140: 26.4 | L140: 148.15 | M140: 6.66
A142: PROMEDIO | B142: =AVERAGE(B117:B140) -> 21.7775 | C142: =AVERAGE(C117:C140) -> 98.674583 | D142: =AVERAGE(D117:D140) -> 7.0966667 | E142: =AVERAGE(E117:E140) -> 22.450833 | F142: =AVERAGE(F117:F140) -> 86.19875 | G142: =AVERAGE(G117:G140) -> 7.1154167 | H142: =AVERAGE(H117:H140) -> 22.204167 | I142: =AVERAGE(I117:I140) -> 89.264167 | ... M142: =AVERAGE(M117:M140) -> 7.1866667
A143: PROMEDIO 4 | B143: =AVERAGE(B142,E142,H142,K142) -> 22.209583 | C143: =AVERAGE(C142,F142,I142,L142) -> 91.099792 | D143: =AVERAGE(D142,G142,J142,M142) -> 7.1373958
A145: lateral | B145: 24.37 | C145: 49.89 | D145: 6.16 | E145: 29.44 | F145: 73.56 | G145: 5.4 | H145: 22.15 | I145: 57.12 | J145: 6.12 | K145: 23.06 | L145: 79.62 | M145: 5.89
B146: 52.03 | C146: 91.36 | D146: 3.48 | E146: 47.32 | F146: 79.85 | G146: 3.35 | H146: 49.7 | I146: 79.9 | J146: 4.18 | K146: 49.54 | L146: 89.73 | M146: 3.96
B147: 22.6 | C147: 64.78 | D147: 6.05 | E147: 27.32 | F147: 64.48 | G147: 5.42 | H147: 21.78 | I147: 75.69 | J147: 6.19 | K147: 23.4 | L147: 64.46 | M147: 6.02
B148: 46.72 | C148: 94.7 | D148: 4.32 | E148: 46.89 | F148: 101.27 | G148: 3.82 | H148: 32.99 | I148: 65.99 | J148: 4.85 | K148: 51.6 | L148: 102.13 | M148: 3.85
B149: 19.71 | C149: 42.72 | D149: 6.82 | E149: 17.96 | F149: 63.44 | G149: 7.33 | H149: 20.97 | I149: 85.95 | J149: 6.92 | K149: 20.85 | L149: 57.37 | M149: 6.54
B150: 30.54 | C150: 101.82 | D150: 5.04 | E150: 37.56 | F150: 79.65 | G150: 4.53 | H150: 35.72 | I150: 79.87 | J150: 4.28 | K150: 30.96 | L150: 72.2 | M150: 4.73
B151: 26.61 | C151: 64.77 | D151: 4.99 | E151: 25.33 | F151: 55.84 | G151: 5.53 | H151: 17.85 | I151: 64.71 | J151: 6.77 | K151: 22.86 | L151: 72.16 | M151: 5.34
B152: 48.85 | C152: 85.69 | D152: 3.53 | E152: 48.84 | F152: 85.84 | G152: 3.59 | H152: 35.49 | I152: 85.61 | J152: 4.61 | K152: 43.07 | L152: 102.18 | M152: 3.64
B153: 24.31 | C153: 65.92 | D153: 5.61 | E153: 26.49 | F153: 72.28 | G153: 5.53 | H153: 21.37 | I153: 64.57 | J153: 6 | K153: 20.69 | L153: 71.96 | M153: 6.03
B154: 38.5 | C154: 96.98 | D154: 4.12 | E154: 38.07 | F154: 99.12 | G154: 3.99 | H154: 44.34 | I154: 79.65 | J154: 4.39 | K154: 38.93 | L154: 94.67 | M154: 4.44
B155: 28.36 | C155: 49.74 | D155: 5.65 | E155: 24.24 | F155: 49.61 | G155: 6.28 | H155: 35.9 | I155: 78.29 | J155: 5.27 | K155: 29.4 | L155: 49.74 | M155: 5.85
B156: 48.94 | C156: 92.95 | D156: 3.72 | E156: 26.59 | F156: 93.23 | G156: 5.31 | H156: 35.62 | I156: 72.2 | J156: 4.16 | K156: 30.39 | L156: 100.64 | M156: 5.13
B157: 6.22 | C157: 34.77 | D157: 10.1 | E157: 6.78 | F157: 42.31 | G157: 10.09 | H157: 6.47 | I157: 34.9 | J157: 10 | K157: 5.82 | L157: 36.4 | M157: 10.17
... B168: 17.83 | C168: 85.85 | D168: 7.06 | E168: 15.43 | F168: 57.24 | G168: 6.87 | H168: 16.68 | I168: 72.31 | J168: 6.93 | K168: 15.1 | L168: 73.17 | M168: 7.05
A170: PROMEDIO | B170: =AVERAGE(B145:B168) -> 24.636667 | C170: =AVERAGE(C145:C168) -> 70.633333 | D170: =AVERAGE(D145:D168) -> 6.36875 | E170: =AVERAGE(E145:E168) -> 23.9375 | F170: =AVERAGE(F145:F168) -> 71.622917 | G170: =AVERAGE(G145:G168) -> 6.4041667 | H170: =AVERAGE(H145:H168) -> 22.432083 | I170: =AVERAGE(I145:I168) -> 64.373333 | ... M170: =AVERAGE(M145:M168) -> 6.4691667
A171: PROMEDIO 4 | B171: =AVERAGE(B170,E170,H170,K170) -> 23.596979 | C171: =AVERAGE(C170,F170,I170,L170) -> 69.753542 | D171: =AVERAGE(D170,G170,J170,M170) -> 6.5045833
B173: Monumento
B175: Corrida 1 | E175: Corrida 2 | H175: Corrida 3 | K175: Corrida 4
B176: Tiempos de espera | C176: Long. Cola | D176: Velocidad | E176: Tiempos de espera | F176: Long. Cola | G176: Velocidad | H176: Tiempos de espera | I176: Long. Cola | J176: Velocidad | K176: Tiempos de espera | L176: Long. Cola | M176: Velocidad
B177: 30.97 | C177: 87.07 | D177: 4.85 | E177: 26.21 | F177: 64.72 | G177: 4.87 | H177: 28.24 | I177: 64.35 | J177: 5.21 | K177: 27.87 | L177: 57.05 | M177: 4.94
B178: 33.54 | C178: 116.04 | D178: 4.26 | E178: 35.72 | F178: 123.32 | G178: 3.94 | H178: 41.1 | I178: 169.4 | J178: 3.35 | K178: 45.45 | L178: 175.25 | M178: 3.39
B179: 46.98 | C179: 205.36 | D179: 2.78 | E179: 44.97 | F179: 182.93 | G179: 2.84 | H179: 51.46 | I179: 169.56 | J179: 2.75 | K179: 53.45 | L179: 197.68 | M179: 2.59
...

Sheet VUELTA BRT TRANS
B2: Intersecciones VUELTA BRT TRANS
H4: Corridas | I4: Segundos | J4: Velocidad
G5: Tiempo de Viaje | H5: 1
H6: 2
H7: 3
H8: 4
B9: Salida Quiroga
B11: Corrida 1 | E11: Corrida 2 | H11: Corrida 3 | K11: Corrida 4
B12: Tiempos de espera | C12: Long. Cola | D12: Velocidad | E12: Tiempos de espera | F12: Long. Cola | G12: Velocidad | H12: Tiempos de espera | I12: Long. Cola | J12: Velocidad | K12: Tiempos de espera | L12: Long. Cola | M12: Velocidad
B13: 23.9 | C13: 110.64 | D13: 5.9 | E13: 26.22 | F13: 117.89 | G13: 5.49 | H13: 23.12 | I13: 94.96 | J13: 5.98 | K13: 22.63 | L13: 94.99 | M13: 6.14
B14: 16.44 | C14: 50.11 | D14: 7.86 | E14: 15.28 | F14: 50.05 | G14: 8.1 | H14: 18.79 | I14: 80.4 | J14: 6.94 | K14: 16.04 | L14: 65.22 | M14: 7.6
B15: 14.76 | C15: 103.09 | D15: 7.88 | E15: 16.16 | F15: 95.73 | G15: 7.58 | H15: 17.07 | I15: 107.93 | J15: 7.45 | K15: 12.05 | L15: 72.7 | M15: 8.96
B16: 13.82 | C16: 57.48 | D16: 7.81 | E16: 13.81 | F16: 73.41 | G16: 7.76 | H16: 19.32 | I16: 117.76 | J16: 6.2 | K16: 14.35 | L16: 57.47 | M16: 7.69
B17: 21.51 | C17: 147.74 | D17: 6.1 | E17: 21.03 | F17: 155.01 | G17: 6.04 | H17: 20.9 | I17: 140.31 | J17: 6.17 | K17: 23.89 | L17: 155.21 | M17: 5.6
B18: 15.6 | C18: 110.45 | D18: 7.99 | E18: 19.11 | F18: 125.52 | G18: 7.16 | H18: 15.15 | I18: 110.65 | J18: 8.11 | K18: 16.04 | L18: 117.85 | M18: 7.73
B19: 17.61 | C19: 103.02 | D19: 6.8 | E19: 19.76 | F19: 142.17 | G19: 6.24 | H19: 16.6 | I19: 121.94 | J19: 7.33 | K19: 13.62 | L19: 95.53 | M19: 8.34
B20: 11.21 | C20: 110.51 | D20: 8.8 | E20: 10.72 | F20: 102.7 | G20: 8.55 | H20: 10.05 | I20: 102.57 | J20: 9.33 | K20: 8.81 | L20: 102.7 | M20: 10.1
B21: 8.42 | C21: 118.02 | D21: 9.66 | E21: 10.33 | F21: 117.98 | G21: 8.3 | H21: 9.05 | I21: 102.42 | J21: 9.12 | K21: 6.34 | L21: 110.44 | M21: 11.07
B22: 17.51 | C22: 96.82 | D22: 7.13 | E22: 19.41 | F22: 95.82 | G22: 6.95 | H22: 21.51 | I22: 96.67 | J22: 6.54 | K22: 21.72 | L22: 96.43 | M22: 6.52
B23: 17.13 | C23: 72.81 | D23: 7.11 | E23: 14.78 | F23: 66.8 | G23: 8.14 | H23: 20.76 | I23: 155.46 | J23: 6.01 | K23: 19.44 | L23: 110.35 | M23: 6.6
B24: 10.49 | C24: 132.73 | D24: 9.1 | E24: 9.4 | F24: 110.12 | G24: 9.86 | H24: 10.05 | I24: 117.97 | J24: 9.46 | K24: 6.47 | L24: 42.49 | M24: 11.57
... B48: 36.82 | C48: 112.42 | D48: 3.56 | E48: 23.51 | F48: 88.26 | G48: 5.5 | H48: 19.56 | I48: 102.79 | J48: 5.92 | K48: 14.07 | L48: 94.89 | M48: 7.27
A50: PROMEDIO | B50: =AVERAGE(B13:B48) -> 17.429722 | C50: =AVERAGE(C13:C48) -> 95.647778 | D50: =AVERAGE(D13:D48) -> 7.3455556 | E50: =AVERAGE(E13:E48) -> 17.539444 | F50: =AVERAGE(F13:F48) -> 101.74833 | G50: =AVERAGE(G13:G48) -> 7.2802778 | H50: =AVERAGE(H13:H48) -> 17.731944 | I50: =AVERAGE(I13:I48) -> 102.99083 | ... M50: =AVERAGE(M13:M48) -> 7.6027778
A51: PROMEDIO 4 | B51: =AVERAGE(B50,E50,H50,K50) -> 17.361736 | C51: =AVERAGE(C50,F50,I50,L50) -> 99.133194 | D51: =AVERAGE(D50,G50,J50,M50) -> 7.3414583
B53: San Juanito
B55: Corrida 1 | E55: Corrida 2 | H55: Corrida 3 | K55: Corrida 4
B56: Tiempos de espera | C56: Long. Cola | D56: Velocidad | E56: Tiempos de espera | F56: Long. Cola | G56: Velocidad | H56: Tiempos de espera | I56: Long. Cola | J56: Velocidad | K56: Tiempos de espera | L56: Long. Cola | M56: Velocidad
A57: principal | B57: 22.75 | C57: 87.42 | D57: 5.23 | E57: 23.7 | F57: 87.46 | G57: 5.46 | H57: 21.74 | I57: 87.48 | J57: 5.53 | K57: 21.57 | L57: 87.46 | M57: 5.7
B58: 21.7 | C58: 87.48 | D58: 5.8 | E58: 26.15 | F58: 87.49 | G58: 5.21 | H58: 20.47 | I58: 79.86 | J58: 5.86 | K58: 20.32 | L58: 79.97 | M58: 6.44
B59: 24.49 | C59: 95.51 | D59: 5.72 | E59: 23.17 | F59: 94.95 | G59: 5.7 | H59: 20.52 | I59: 79.9 | J59: 6.34 | K59: 26 | L59: 80.95 | M59: 5.38
B60: 31.13 | C60: 124.94 | D60: 6.78 | E60: 35.56 | F60: 132.45 | G60: 6.78 | H60: 31.53 | I60: 109.9 | J60: 6.78 | K60: 36.1 | L60: 132.48 | M60: 4.55
B61: 26.41 | C61: 102.43 | D61: 5.27 | E61: 25.6 | F61: 94.97 | G61: 5.12 | H61: 23.34 | I61: 94.86 | J61: 5.2 | K61: 22.49 | L61: 88.65 | M61: 5.71
B62: 18.79 | C62: 132.51 | D62: 6.78 | E62: 28.84 | F62: 102.49 | G62: 6.78 | H62: 32.75 | I62: 117.44 | J62: 6.78 | K62: 32.16 | L62: 110.12 | M62: 6.78
B63: 19.17 | C63: 72.51 | D63: 6.22 | E63: 22.56 | F63: 72.4 | G63: 5.82 | H63: 21.68 | I63: 72.4 | J63: 5.76 | K63: 25.1 | L63: 72.46 | M63: 5.96
B64: 27.28 | C64: 88.02 | D64: 5.91 | E64: 18.79 | F64: 117.51 | G64: 5.13 | H64: 18.79 | I64: 111.01 | J64: 5.32 | K64: 18.79 | L64: 96.42 | M64: 6.78
B65: 15.83 | C65: 109.91 | D65: 6.22 | E65: 15.83 | F65: 117.4 | G65: 6.22 | H65: 15.83 | I65: 139.96 | J65: 6.22 | K65: 15.83 | L65: 154.96 | M65: 6.22
B66: 26.35 | C66: 87.41 | D66: 5.28 | E66: 24.47 | F66: 94.85 | G66: 8.15 | H66: 18.79 | I66: 117.44 | J66: 8.15 | K66: 18.79 | L66: 124.89 | M66: 8.15
B67: 18.8 | C67: 80.06 | D67: 5.74 | E67: 15.07 | F67: 79.86 | G67: 6.79 | H67: 17.77 | I67: 87.43 | J67: 6.11 | K67: 19.75 | L67: 94.98 | M67: 5.94
B68: 19.49 | C68: 94.93 | D68: 5.93 | E68: 20.79 | F68: 79.92 | G68: 5.83 | H68: 20.66 | I68: 79.95 | J68: 5.37 | K68: 20.68 | L68: 88.93 | M68: 5.44
B69: 14.63 | C69: 87.46 | D69: 8.15 | E69: 15.59 | F69: 94.93 | G69: 7.96 | H69: 13.55 | I69: 87.43 | J69: 8.29 | K69: 14.05 | L69: 87.43 | M69: 8.24
... B80: 12.97 | C80: 87.55 | D80: 8.42 | E80: 13.41 | F80: 88.09 | G80: 8.35 | H80: 13.76 | I80: 87.44 | J80: 8.14 | K80: 13.72 | L80: 88.66 | M80: 8.19
A82: PROMEDIO | B82: =AVERAGE(B57:B80) -> 19.48625 | C82: =AVERAGE(C57:C80) -> 99.284167 | D82: =AVERAGE(D57:D80) -> 6.90125 | E82: =AVERAGE(E57:E80) -> 19.788333 | F82: =AVERAGE(F57:F80) -> 99.407083 | G82: =AVERAGE(G57:G80) -> 6.9504167 | H82: =AVERAGE(H57:H80) -> 18.99875 | I82: =AVERAGE(I57:I80) -> 100.67458 | ... M82: =AVERAGE(M57:M80) -> 6.8591667
A83: PROMEDIO 4 | B83: =AVERAGE(B82,E82,H82,K82) -> 19.499792 | C83: =AVERAGE(C82,F82,I82,L82) -> 100.54031 | D83: =AVERAGE(D82,G82,J82,M82) -> 6.9005208
A85: lateral | B85: 33.41 | C85: 34.86 | D85: 3.54 | E85: 22.39 | F85: 34.87 | G85: 5.86 | H85: 33.05 | I85: 42.29 | J85: 4.63 | K85: 22.93 | L85: 34.83 | M85: 4.29
B86: 32.81 | C86: 49.83 | D86: 4.58 | E86: 15.31 | F86: 34.83 | G86: 7.76 | H86: 29.82 | I86: 49.86 | J86: 3.76 | K86: 31.53 | L86: 42.34 | M86: 5.16
B87: 5.9 | C87: 12.3 | D87: 11.61 | E87: 4.81 | F87: 12.38 | G87: 11.74 | H87: 5.94 | I87: 19.91 | J87: 11.87 | K87: 2.57 | L87: 4.63 | M87: 13.63
B88: 25.12 | C88: 36 | D88: 5.26 | E88: 25.46 | F88: 43.6 | G88: 5.57 | H88: 20.75 | I88: 57.3 | J88: 5.93 | K88: 15.23 | L88: 19.95 | M88: 7.18
B89: 47.56 | C89: 79.81 | D89: 3.36 | E89: 36.19 | F89: 64.89 | G89: 5.05 | H89: 47.94 | I89: 79.81 | J89: 3.71 | K89: 37.9 | L89: 79.96 | M89: 4.39
B90: 28.98 | C90: 79.95 | D90: 5.46 | E90: 35.37 | F90: 79.85 | G90: 3.85 | H90: 34.94 | I90: 72.4 | J90: 4.57 | K90: 43.5 | L90: 57.42 | M90: 4.07
B91: 13 | C91: 34.91 | D91: 8.39 | E91: 26.33 | F91: 55.34 | G91: 4.93 | H91: 31.87 | I91: 66 | J91: 4.68 | K91: 23.74 | L91: 57.33 | M91: 5.86
B92: 42.74 | C92: 49.93 | D92: 3.3 | E92: 40.48 | F92: 87.36 | G92: 3.9 | H92: 30.71 | I92: 64.84 | J92: 5.3 | K92: 23.35 | L92: 64.96 | M92: 6.08
B93: 31.13 | C93: 50.79 | D93: 6.04 | E93: 24.27 | F93: 34.89 | G93: 5.6 | H93: 29.57 | I93: 42.48 | J93: 4.75 | K93: 30.44 | L93: 49.85 | M93: 4.45
B94: 38.25 | C94: 70.83 | D94: 4.09 | E94: 24.27 | F94: 42.41 | G94: 4.49 | H94: 33.49 | I94: 61.88 | J94: 4.36 | K94: 38.35 | L94: 36.06 | M94: 2.97
B95: 17.31 | C95: 27.39 | D95: 7.18 | E95: 18 | F95: 27.45 | G95: 6.9 | H95: 24.13 | I95: 27.39 | J95: 6.88 | K95: 16.68 | L95: 34.84 | M95: 6.99
B96: 10.06 | C96: 27.35 | D96: 8.22 | E96: 13.07 | F96: 27.33 | G96: 7.13 | H96: 12.16 | I96: 35.96 | J96: 8.1 | K96: 12.88 | L96: 49.9 | M96: 7.96
B97: 18.12 | C97: 42.34 | D97: 7.51 | E97: 21.69 | F97: 49.98 | G97: 6.92 | H97: 19.35 | I97: 50.01 | J97: 7.4 | K97: 14.88 | L97: 34.99 | M97: 8.07
... B108: 9.53 | C108: 33.02 | D108: 10.66 | E108: 9.92 | F108: 28.31 | G108: 11.15 | H108: 9.55 | I108: 32.9 | J108: 10.49 | K108: 9.57 | L108: 48.54 | M108: 10.92
A110: PROMEDIO | B110: =AVERAGE(B85:B108) -> 23.074583 | C110: =AVERAGE(C85:C108) -> 48.4925 | D110: =AVERAGE(D85:D108) -> 7.185 | E110: =AVERAGE(E85:E108) -> 20.75375 | F110: =AVERAGE(F85:F108) -> 48.628333 | G110: =AVERAGE(G85:G108) -> 7.4575 | H110: =AVERAGE(H85:H108) -> 23.130417 | I110: =AVERAGE(I85:I108) -> 51.367917 | ... M110: =AVERAGE(M85:M108) -> 7.3891667
A111: PROMEDIO 4 | B111: =AVERAGE(B110,E110,H110,K110) -> 22.144167 | C111: =AVERAGE(C110,F110,I110,L110) -> 48.691458 | D111: =AVERAGE(D110,G110,J110,M110) -> 7.31375
B113: Av. Ecuadron 201
B115: Corrida 1 | E115: Corrida 2 | H115: Corrida 3 | K115: Corrida 4
B116: Tiempos de espera | C116: Long. Cola | D116: Velocidad | E116: Tiempos de espera | F116: Long. Cola | G116: Velocidad | H116: Tiempos de espera | I116: Long. Cola | J116: Velocidad | K116: Tiempos de espera | L116: Long. Cola | M116: Velocidad
A117: principal | B117: 11.9 | C117: 27.52 | D117: 9.74 | E117: 12.74 | F117: 28.85 | G117: 9.55 | H117: 11.82 | I117: 28.8 | J117: 9.75 | K117: 12.37 | L117: 27.44 | M117: 9.52
B118: 16.2 | C118: 34.92 | D118: 8.63 | E118: 19.98 | F118: 35.2 | G118: 7.35 | H118: 18.04 | I118: 42.57 | J118: 7.82 | K118: 23.82 | L118: 34.9 | M118: 6.72
B119: 20.67 | C119: 37.52 | D119: 8.2 | E119: 28.05 | F119: 35.16 | G119: 7.15 | H119: 26.68 | I119: 37.58 | J119: 7.2 | K119: 26.91 | L119: 35 | M119: 7.34
B120: 14.48 | C120: 42.44 | D120: 9.47 | E120: 16.8 | F120: 42.6 | G120: 8.85 | H120: 15.94 | I120: 35.27 | J120: 8.93 | K120: 15.02 | L120: 35.1 | M120: 9.32
B121: 10.79 | C121: 42.12 | D121: 8.86 | E121: 17.66 | F121: 42.12 | G121: 7.41 | H121: 11.93 | I121: 34.84 | J121: 8.98 | K121: 15.32 | L121: 34.62 | M121: 8.24
B122: 19.48 | C122: 42.57 | D122: 7.81 | E122: 18.84 | F122: 42.37 | G122: 8.13 | H122: 18.37 | I122: 35.04 | J122: 8.52 | K122: 15.43 | L122: 34.99 | M122: 9.01
B123: 17.15 | C123: 42.43 | D123: 9.09 | E123: 18.28 | F123: 34.96 | G123: 8.79 | H123: 17.5 | I123: 42.4 | J123: 9.01 | K123: 16.76 | L123: 34.99 | M123: 9.23
B124: 18.69 | C124: 34.91 | D124: 8.49 | E124: 15.58 | F124: 34.94 | G124: 8.68 | H124: 18.63 | I124: 42.54 | J124: 8.64 | K124: 16.67 | L124: 35.06 | M124: 8.86
B125: 14.83 | C125: 27.26 | D125: 7.09 | E125: 21.16 | F125: 27.52 | G125: 8.24 | H125: 19.49 | I125: 39.85 | J125: 8.28 | K125: 20.29 | L125: 39.45 | M125: 7.64
B126: 17.63 | C126: 27.28 | D126: 7.25 | E126: 15.35 | F126: 34.74 | G126: 7.36 | H126: 15.06 | I126: 34.77 | J126: 7.61 | K126: 17.87 | L126: 34.9 | M126: 7.55
B127: 16.12 | C127: 34.88 | D127: 7.41 | E127: 14.84 | F127: 42.31 | G127: 8.98 | H127: 18.75 | I127: 42.34 | J127: 7.28 | K127: 15.64 | L127: 42.46 | M127: 7.63
B128: 25.69 | C128: 42.28 | D128: 6.87 | E128: 23.04 | F128: 42.27 | G128: 6.93 | H128: 21.77 | I128: 34.8 | J128: 7.33 | K128: 21.45 | L128: 34.86 | M128: 7.28
B129: 21.44 | C129: 19.88 | D129: 8.02 | E129: 21.47 | F129: 19.87 | G129: 8.21 | H129: 21.26 | I129: 32.45 | J129: 8.49 | K129: 29.87 | L129: 31.61 | M129: 8.2
... B140: 31.64 | C140: 35.02 | D140: 5.25 | E140: 29.32 | F140: 34.83 | G140: 5.59 | H140: 30.47 | I140: 37.26 | J140: 5.59 | K140: 29.93 | L140: 37.41 | M140: 4.95
A142: PROMEDIO | B142: =AVERAGE(B117:B140) -> 20.817917 | C142: =AVERAGE(C117:C140) -> 35.856667 | D142: =AVERAGE(D117:D140) -> 7.2158333 | E142: =AVERAGE(E117:E140) -> 21.750417 | F142: =AVERAGE(F117:F140) -> 35.529583 | G142: =AVERAGE(G117:G140) -> 7.1854167 | H142: =AVERAGE(H117:H140) -> 21.250417 | I142: =AVERAGE(I117:I140) -> 35.855833 | ... M142: =AVERAGE(M117:M140) -> 7.0029167
A143: PROMEDIO 4 | B143: =AVERAGE(B142,E142,H142,K142) -> 21.393437 | C143: =AVERAGE(C142,F142,I142,L142) -> 35.724062 | D143: =AVERAGE(D142,G142,J142,M142) -> 7.1269792
B145: Monumento
B147: Corrida 1 | E147: Corrida 2 | H147: Corrida 3 | K147: Corrida 4
B148: Tiempos de espera | C148: Long. Cola | D148: Velocidad | E148: Tiempos de espera | F148: Long. Cola | G148: Velocidad | H148: Tiempos de espera | I148: Long. Cola | J148: Velocidad | K148: Tiempos de espera | L148: Long. Cola | M148: Velocidad
B149: 30.94 | C149: 110 | D149: 3.01 | E149: 32.41 | F149: 109.79 | G149: 2.89 | H149: 34.09 | I149: 109.81 | J149: 2.82 | K149: 36.19 | L149: 117.74 | M149: 2.65
B150: 35.74 | C150: 130.7 | D150: 2.63 | E150: 39.85 | F150: 132.18 | G150: 2.17 | H150: 54.16 | I150: 168.59 | J150: 1.62 | K150: 35.83 | L150: 139.81 | M150: 2.5
B151: 39.09 | C151: 146.14 | D151: 2.47 | E151: 40.97 | F151: 152.97 | G151: 2.08 | H151: 44.43 | I151: 153.23 | J151: 2 | K151: 43.97 | L151: 168.81 | M151: 2.18
B152: 41.58 | C152: 139.89 | D152: 2.1 | E152: 41.53 | F152: 155.24 | G152: 2.28 | H152: 59.39 | I152: 167.74 | J152: 1.57 | K152: 54.46 | L152: 170 | M152: 1.78
B153: 37.34 | C153: 153.2 | D153: 2.38 | E153: 56.57 | F153: 170 | G153: 1.35 | H153: 36.57 | I153: 154.61 | J153: 2.53 | K153: 39.6 | L153: 160.68 | M153: 2.3
B154: 31.56 | C154: 160.67 | D154: 2.87 | E154: 48.65 | F154: 168.3 | G154: 1.82 | H154: 34.32 | I154: 153.37 | J154: 2.53 | K154: 38.36 | L154: 153.17 | M154: 2.25
B155: 29.31 | C155: 124.67 | D155: 2.87 | E155: 38.59 | F155: 152.57 | G155: 2.26 | H155: 34.5 | I155: 138.31 | J155: 2.55 | K155: 36.93 | L155: 153.3 | M155: 2.25
B156: 38.32 | C156: 170 | D156: 2.35 | E156: 38.64 | F156: 161.03 | G156: 2.25 | H156: 33.47 | I156: 154.67 | J156: 2.62 | K156: 35.47 | L156: 160.91 | M156: 2.53
B157: 49.6 | C157: 162.47 | D157: 1.81 | E157: 50.47 | F157: 170 | G157: 1.7 | H157: 41.58 | I157: 147.75 | J157: 2.08 | K157: 41.33 | L157: 139.99 | M157: 2.09
B158: 76.37 | C158: 170 | D158: 1.17 | E158: 43.17 | F158: 138.26 | G158: 2.09 | H158: 46.59 | I158: 153.28 | J158: 2.07 | K158: 55.41 | L158: 160.92 | M158: 1.77
B159: 52.86 | C159: 168.28 | D159: 2.01 | E159: 44.51 | F159: 153.36 | G159: 2.37 | H159: 52.7 | I159: 154.11 | J159: 2.08 | K159: 49.09 | L159: 170 | M159: 2.3
B160: 55.01 | C160: 170 | D160: 1.52 | E160: 50.23 | F160: 152.69 | G160: 1.63 | H160: 54.42 | I160: 170 | J160: 1.58 | K160: 54.63 | L160: 170 | M160: 1.48
... B184: 48.32 | C184: 124.25 | D184: 2.53 | E184: 44.45 | F184: 124.18 | G184: 2.49 | H184: 53.22 | I184: 131.72 | J184: 2.37 | K184: 50.98 | L184: 139.22 | M184: 2.39
A186: PROMEDIO | B186: =AVERAGE(B149:B184) -> 36.856389 | C186: =AVERAGE(C149:C184) -> 124.36583 | D186: =AVERAGE(D149:D184) -> 2.6886111 | E186: =AVERAGE(E149:E184) -> 36.726389 | F186: =AVERAGE(F149:F184) -> 126.80778 | G186: =AVERAGE(G149:G184) -> 2.6252778 | H186: =AVERAGE(H149:H184) -> 37.303611 | I186: =AVERAGE(I149:I184) -> 125.90861 | ... M186: =AVERAGE(M149:M184) -> 2.6141667
A187: PROMEDIO 4 | B187: =AVERAGE(B186,E186,H186,K186) -> 37.079514 | C187: =AVERAGE(C186,F186,I186,L186) -> 126.61785 | D187: =AVERAGE(D186,G186,J186,M186) -> 2.6439583
B189: Pozarica
B191: Corrida 1 | E191: Corrida 2 | H191: Corrida 3 | K191: Corrida 4
B192: Tiempos de espera | C192: Long. Cola | D192: Velocidad | E192: Tiempos de espera | F192: Long. Cola | G192: Velocidad | H192: Tiempos de espera | I192: Long. Cola | J192: Velocidad | K192: Tiempos de espera | L192: Long. Cola | M192: Velocidad
B193: 13.72 | C193: 42.69 | D193: 5.39 | E193: 11.58 | F193: 31.44 | G193: 6.82 | H193: 9.39 | I193: 23.85 | J193: 7.65 | K193: 12.03 | L193: 27.71 | M193: 7.06
...

Sheet emisiones
B2: Datos de 1 vehiculo con todos los parametros de SUMO | G2: 1 automovil | H2: en word
G3: 1 camion | H3: en word
G4: 1 brt | H4: abajo esta
A5: Esto para 1 vehiculo:
B7: CO | C7: 16.8 | D7: g/km
B8: CO2 | C8: 4.33 | D8: kg
B9: Nox | C9: 1.05 | D9: g
B10: PMx | C10: 0.084 | D10: g
A12: Para 26 mil vehiculos aproximadamente: | F12: 540 transportes
B13: CO | C13: 109.2 | D13: kg | F13: CO | G13: 4.75 | H13: kg
B14: CO2 | C14: 65520 | D14: kg | F14: CO2 | G14: 2563 | H14: kg
B15: Nox | C15: 21.84 | D15: kg | F15: Nox | G15: 0.7314 | H15: kg
B16: PMx | C16: 5.46 | D16: kg | F16: PMx | G16: 0.3806 | H16: kg
F18: 1 BRT(MERCEDES,diesel) | J18: 1BRT/ 21 km/vel 40/21 paradas
F19: CO | G19: 1 | H19: g/km | J19: 21 | K19: gr
F20: CO2 | G20: 800 | H20: g/km | J20: 16100 | K20: gr
F21: Nox | G21: 5 | H21: g/km | J21: 75 | K21: gr
F22: PMx | G22: 0.05 | H22: g/km | J22: =G22*21 -> 1.05 | K22: gr
